Leonid,lbigham0@comcast.net,$2a$04$eSGrsgFcsZZ20kfQW0a5Kue2qmC/Ll1bQKMgmVzJ0IKxQoJndyEp.
Terra,tibbetson1@wsj.com,$2a$04$RLt0ipxklswmQIVYwV46M.4B8EzGd18x91NlHD65bJLur4s3MFWiW
Cleveland,cfarnill2@flickr.com,$2a$04$FztI8RwrZoWGQksuiEvXwO1.lHPYrqRklyjwsOQh50PIXCdpCd9ze
Huey,hdesport3@theglobeandmail.com,$2a$04$xXFGeC5T3.c/s88SflwFR.f8pZURTBy4GESsPRpcc3VoQoQe4X6hC
Nicolis,nsongist4@sciencedaily.com,$2a$04$H0hfxcOIoN07qo8OjDKRRuwQcOaxxHRkNItSDp7.l5Rs7qtB9VDFO
Brander,bhancorn5@google.ru,$2a$04$iW9I8MZhR.tOUc91AkjfrOvSsKeGk3LW0l8T3e9MBJiwp4FT7Wjai
Orin,owidger6@dropbox.com,$2a$04$mRBvCBobs6qbF/XlbE99ru1YtqQ2X5zkQ9FVDsX6syHKEe3xoEOeS
Zahara,zgorioli7@addthis.com,$2a$04$LL3W5nbWBykhZZt1DtyEJutCg7eshzfG4ouPku6yBKY0lSSZWIGQq
Viviana,vmuddle8@symantec.com,$2a$04$40JFAcyEa9yX2WTFXEEUbuGQuhcaj/AahMMMoIo7lj9OJn7ASJJRu
Denice,djandera9@a8.net,$2a$04$Ua6Gyk2PunhqH1Oj53KSWOSTBq4ik.g5E6p2jsdJpe0OCNxflxAqq
Danya,dwrotchforda@posterous.com,$2a$04$HudPkkRgy9QMPvwRz6W7R.Eaaf5TaiS17W9VydU52ohju5cIDVsOK
Barri,bhemblingb@bloomberg.com,$2a$04$uUeriNW5I/.aSnsjvCjo.uE/RDsUS.833gH/LJwg.iwdhh/D07nBC
Tessy,tsmicklec@seattletimes.com,$2a$04$dL54tmwe6.lByWoZhgQK6eifwE1vOdYLlUqVvvDE94RZv5UH665t.
Jobina,jpottesd@joomla.org,$2a$04$AxKlskQky4b771IPSul9SOFjwOhCk1tPv.euNL/V2WldyelpZfmwG
Leo,lmurthwaitee@wikia.com,$2a$04$ozS3YdCF4qW9kfzIW9grmOJGyDvgPIlqiE.Bm0EdSvMU0McWkwyga
Lezlie,lanthiftlef@unesco.org,$2a$04$GsT6EW16WPBuOc36p11BSOh5h9rk6yuOTKmoZisbk/4wMRBOuKleu
Eda,eambroising@t-online.de,$2a$04$gkUN.7CZhWN1wqjKgd7nm.ZaVYzrahvK17l/SD1a0Qo4VXqdh08Se
Jeannie,jslayh@barnesandnoble.com,$2a$04$Qy7XsoHxYQlHI01.35Qnh.rpBBYzMStvbov8HKvdhyAemNMJCALai
Osbert,odessanti@craigslist.org,$2a$04$WXCdNihMo2/hBcTGoFwjc.Fn/TCw7VMGUuDVpzQs5fpVX0NGX8Puu
Orelee,orobertsenj@aboutads.info,$2a$04$cytxHeMJ9yqS.pALapfO4uJgsL3nriZje3/D7RhVdc8n1XN/3TX6i
Katinka,kvliesk@tripod.com,$2a$04$eq0EO33zFUihx/knXrHQCuq6uB17S1rUO.ZeS7RtAOKzlwClCiEPe
Joleen,jdigglel@jiathis.com,$2a$04$sX.nreRPtRFvHZrNryGUWey/pChRT/jFeWE8pcatcVPdcEtxaB5Iu
Irene,igushm@japanpost.jp,$2a$04$b9/wZC0eCfHQl7GkgWwHAONsP6QyDopDjcs89fLEltDFACo4HIQm2
Mufinella,mlevinsn@zimbio.com,$2a$04$33yhlCLs2oSEp3TWp8yta.GyAkXZt2abg8T7MXsdVwgaufpgU9rpO
Leanna,lbreazeallo@ehow.com,$2a$04$5P6gz/HBSqi6X3/VZ1vVlOFzwbgxnWrbgTmQ4ePmSsTV88aSEjP9i
Colly,cegletonp@bloglines.com,$2a$04$sSP1mlBmYg3taGnY5qIa2OicH7eHV8FdkvJukrHreBvbKx3xTflFW
Kelsey,kpidlerq@mlb.com,$2a$04$nUdB7Q4DvdNk3oj1HHEFpeoH5Lp8TYj87E8mU.SGSpP4aeLJWJioq
Evania,efillanr@hexun.com,$2a$04$sOYVG5DjWsbv49BPA.Vr6.BqdaKzqDQtQWxZxrTrdt9LgnlkgKT9u
Teddie,todunnioms@rediff.com,$2a$04$ko6v1asrvwCFKIul4DiCJenctD2RFRbDSkw0mOfETqPL/EEoLSBfC
Nappy,nkegleyt@hc360.com,$2a$04$ekmkfm2Rt1lJ2igLvCZ3UOHevwRk4HQJtNAkmz/nhIDNZQkh4w..C
Urban,uskeldingeu@timesonline.co.uk,$2a$04$rptcmU0Z9WZQPbp4VhKvIOiwrTnaU1yyWyQvXd550CrGpFudBVqPm
Ulric,udecourcyv@webnode.com,$2a$04$PlT3bVBgrEzlXNtaxJaIdu/.pv0poWRgPAhxTRxfL.7uxWIgNiYtS
Hailee,hscintsburyw@squarespace.com,$2a$04$QskrdEM7zt2mFZZesAHd8e8zgq1ZMVc6q7K0x3m0INvbP4bmTHKcK
Cosmo,cgarrisonx@odnoklassniki.ru,$2a$04$MynhEromxjew6Te9.f4AneOViX3hQtqhVKY/svA9zkytyENi7kGCu
Jemie,jmudiey@github.io,$2a$04$MDLXxYUIpg/MQFH5Z8BUReEWW75B2Ff4T9G8wphNbn/iN0GjCQBi.
Malinda,manderschz@tiny.cc,$2a$04$mxRbV3F6W87gmWrE23h0.Ov6n/jRxqExzhXr9NhvSNDWEdCWPecOS
Corbet,cgrindley10@dion.ne.jp,$2a$04$UXo5geOKz1k8yxpng93j4.ig1NcKrNZoXfaCHWqHaM3mysSM9E6P6
Norry,nmalthus11@webs.com,$2a$04$Z7/Nl4QzvDKnY2BRvtC5p.BIzShQ1sueKJxOJgkEDsp/PpBH7/8Xy
Smith,sviveash12@bloomberg.com,$2a$04$lIn/IUAI2GEAYa0ny6kJ2uIzRChH4u4e0S/VX2x14vFXdAses8He.
Kylynn,kturfs13@ox.ac.uk,$2a$04$nKnCIKywuEAhf0/euOaBFev9ZmSM1GDqGyhrD1kBXhSgO.KRuYAbC
Evangelia,everrills14@cam.ac.uk,$2a$04$NZfPVPX/teM/GiO1iXWpQOelByXIcPv/fp5tOnpiZeu2G3cDkHL/W
Quinton,qcarette15@posterous.com,$2a$04$PPQLykH04OWYnjXA5tzNQO8Bb.WiwhBmPb0Dzz8LUIu4N3QKLG4EG
Querida,qgorick16@ebay.co.uk,$2a$04$l0gQClHxmv6v5R1QLeqdA.ZmBfKFu6q8tNjgAoaEVSdDC8NfcymVi
Baudoin,burien17@wordpress.org,$2a$04$wwC4/uH4uF0.hcf.fDtYdO6fxT9PRa4yv3WMyfhVV/Y0efHY7UdFq
Valentin,vproby18@washingtonpost.com,$2a$04$3UhxqbC2vxwYHTRbBIzaaerVHUkjwKVPktV94jtm2WbDa1Cf.sMye
Hill,hgittose19@hugedomains.com,$2a$04$c1IqL3UIWNuAoflUaTbYM.aKG4uSkynQRThNR/BE6OCg.dexS46mu
Rafael,rbish1a@samsung.com,$2a$04$iYzDCROLB60C5lvNh2.3FOvcJIjZigOMMdQ/ym52h28ss8EqYY3dO
Celesta,crudloff1b@comcast.net,$2a$04$UfuIOyHafxXh4xDpttfe8.OHNcyyMR6e3y4A9aIbz8SgzGGJn0Uhu
Reynolds,rbrunsdon1c@furl.net,$2a$04$miTqQFjGNdeKEhn7n1QxBObgWLaCJjqYqExlDrjNw95WIiBolRzLC
Hulda,hhoofe1d@etsy.com,$2a$04$IH17EaBbH7MpCmHgS5xrke6ooqiy7mIPzVEXYsu.vaMFzqQ0IXiNS
Natividad,nhatch1e@chronoengine.com,$2a$04$ZnMixSnfOZTJBwZtlBOgWeoS/9ja4mVVbnOnE2FX99JQJ8zgK7/aq
Lavinia,lgilliland1f@phoca.cz,$2a$04$O98veZPTAxEyNmU50zKXD.7iFVm6HFUkx/LzQhib355b6wt59./dS
Dari,ddarque1g@about.com,$2a$04$MvuVtYFsQqrXZ5Intzy/3.VjDfc7/5acBW.QjnO2X7I7n88r1bhBe
Julienne,jporch1h@ibm.com,$2a$04$qAYpMoLjvdmgFIfmQ3psAuTTXwIJugITN395.eJMBpsLSkcteJJ3a
Jessa,jcoorington1i@163.com,$2a$04$PARWDP2SrEJ0mzuCjuEAgut0KWwz5IJrmBU4RWXqhedPEf5KF6jKi
Antonio,ashower1j@reuters.com,$2a$04$Db/jdBT6nSo83PvR19tfv.ZSQzjyVvFQzfR2tzHo.ZKiXLruplwJK
Kirsti,khugland1k@devhub.com,$2a$04$s45QPi1Gb6aVhh12ObGkCeJu61wkjE5A2GS52LvyImJT.HfLtaaEa
Estell,eburle1l@accuweather.com,$2a$04$5r7Tjs/yKBirUU3wKnWu6up0toDchkz5D7TP9l0t3brW9fJ.bde32
Che,cjanczewski1m@nifty.com,$2a$04$kGaCNRz6jhpsuXdypNEAoukszZKwyd5TlGm0ru4dw2D2R1v3vrBIO
Odelinda,opocklington1n@smh.com.au,$2a$04$vqNSwp0L9jOTiX0miosEcOtFEJDJivkDPOf2iEvj6gBxfFX4dkJbS
Vite,vlafaye1o@marriott.com,$2a$04$VIH0Yt1Ia1iMgFISjVahFuJPEJUJutkgDyAJ294X9QMYo8H3oi4OK
Daniele,dkingsnode1p@alibaba.com,$2a$04$ZMgePrfDF6PUmhssZhc0ouI0JpJDqWopE02qJeOk4K/Ie31wSPjXC
Fifi,fcorcoran1q@sitemeter.com,$2a$04$sMhJ8dkbWytsSMcEI4MK1.d1gvWsSBmFPoAqdELKWLeT4HXfHxYeO
Ban,binker1r@webmd.com,$2a$04$mwOxu8frs3iHslFE4A.qEeYOg/2y5WSayezQBT9SklV3CV.JnLNFq
Natalee,nemloch1s@list-manage.com,$2a$04$mMEXOLf9lgmm9ha1XR7gOO22XyRrHiXLVdxfWjewOcz.w5ZTjI8PC
Birch,bmccarly1t@tripadvisor.com,$2a$04$ppj48ADja8GMT28OBmSSxOSCTUpKyCLuhf/FUst0A/KnsK5pa/xaa
Bartolomeo,bbruck1u@rambler.ru,$2a$04$2SGoEvGGRopIPKa9YP4k7Org/pYeGvy0I5zNMYA6WYTVhE9c.ybJO
Matteo,mkensy1v@forbes.com,$2a$04$tk85m/dawsDoMKRuoPup4efwpGKUDzf6pij9TJ5Pdjfoh6gYWklTO
Tedmund,trubenchik1w@scribd.com,$2a$04$ojOBsH3I0.aOkBzg.59u6OvzIHccRoqqidFkLiCzeDo7Z350ndSmu
Jena,jgobel1x@fda.gov,$2a$04$lz.VzvugqlSaC3ZbeSSMd.Cb.s6zgq0Bn3jgl85Zo.P2VgdpaiDSS
Stinky,scannaway1y@angelfire.com,$2a$04$kTrp7n6TmkMpqsOhEGo1BOhzCX.R2HP/aX5.RV5.ESIeGO7PRiOri
Hamnet,hlecount1z@blogspot.com,$2a$04$JvAW9KS0E4YZBCtm7Tqz6OqhZ.OoVXHUsNQUyGAGEx09ZT73yy0Tu
Riccardo,rabbs20@opera.com,$2a$04$N0zjUPV.xD9GivSNISZDnugzMOFA4XfLIEPel7p3jhJexoD5yQIH.
Rica,rboggers21@wikia.com,$2a$04$WXh6GPnSNv02CzrxUDN46OuBW2jDe9IvJDHqeQEqdoHWtbFNmsC5O
Eula,ecopello22@noaa.gov,$2a$04$F0VRpKYVa601vayyV8cMquJs/5cPwaO2Lzvwj3PuoOSIUph/Bjs76
Nicki,nogelbe23@harvard.edu,$2a$04$UMHoL3bAgRK6OYA/leAC/u7adKbWaBeJTyjCfqL23AKYiD85B10Xq
Thatch,tlegen24@simplemachines.org,$2a$04$9lA1WqqHu0HHW/b7fom9nOnzWe8CYK.FjMwBemjXIEy7qffO/s1AG
Dionisio,dandrag25@theguardian.com,$2a$04$ZoLVke4bmgOUKuedy4vxzOG6DWnyE8UujRyg.jZozEqbaCxZrv8iq
Ross,rlivett26@guardian.co.uk,$2a$04$MAo7MmypGGBib5hZONq8xexNba2YzsN3X4nvc5Vc2h2Sb1EoZ2aAW
Manda,mblondin27@linkedin.com,$2a$04$CgTHDMnxYD.fARgjmXyC9eFyjDQLCRhfosEQrjGtzXIjto7yAEjCy
Sean,scoats28@tuttocitta.it,$2a$04$p8KE3ut3enx9y14Eq2btL.i4BVVBwfY/eTrD14AdgTJ8.xhUbN7qS
Anett,abaynton29@samsung.com,$2a$04$QjLuYYYiNr92tMXn2MmUieILxzg/Q7QQJx33cAxLQVfFxaf3BADbi
Vivian,vhandrik2a@posterous.com,$2a$04$PGnFsTaJxsXzF4YkCfJwdOrzyIETtmCa90vZZc2MXydbSvHvKDrqq
Thorstein,twickman2b@edublogs.org,$2a$04$SqE0eFSsSKxGxrqqV9NAaOw0NG55xMByx3ZvJ2oex9.4uNascr0ye
Barbee,bcastenda2c@unesco.org,$2a$04$vraPCHhMwF4mzJLbK1iKPe2w6lDfgHspvA837SD.f6sIITx0DFIeK
Mortie,mbendel2d@barnesandnoble.com,$2a$04$SzfBul6EnWWwkesqZPAbTOTpYnhoVC5RAZrfnvgChIFOHkIyJduLS
Gaston,ghairsnape2e@hhs.gov,$2a$04$24xW.U64oXkkIUMcs3/Me.mjXIwJzcawAcFdGyjDI5OfZSQWfxCfC
Cherie,cberk2f@friendfeed.com,$2a$04$03b1KkWHgANf80ZwdDPtGO6dwhWIWyG8.BG2IWIU3JHLw7ScunXWC
Chrisse,cbridgwater2g@ftc.gov,$2a$04$L5AWFeNTKMb6jEWCoqBAX.5uZg9HqzXHFUyqPe/F2IHlAz1LwVfI2
Laurence,lmash2h@state.gov,$2a$04$zK7w7LU9Y0T50FZOFl6M8eJC5BJ10HB.5OmJAAP68abuV37dLpZSy
Claudetta,cqueree2i@hp.com,$2a$04$IBaxVfbp.afPLTLk.LL/F.vyCuiJfz2AGCzhgta3TnftgrQtGoduK
Gracia,gbartaletti2j@craigslist.org,$2a$04$QTmaOvEQRUMyTR61jAwaJe9.JAYS0hb3qp7IQL/AKVUY9rduKFU.S
Ardra,alefeaver2k@guardian.co.uk,$2a$04$6zNHvcFLL.mZYFgzY6rwpuYllbhz7GaTuUTHq3zW.mlSUS080V4xa
Merle,mfirk2l@rakuten.co.jp,$2a$04$QYSyNqhAgsMmm1hlqSDHOeR/k.yD4qyfcTz11bh7u.vC4UZ6oBaZm
Letta,lmougin2m@digg.com,$2a$04$neatzCDPERKRDiOtS3dxZecENt69zX/4uEIpPJckNX6a8hasbVCUi
Lorne,lfulton2n@telegraph.co.uk,$2a$04$J.3/cCu2Gyq9xtwU5DJZLuz/FgVOsQrzOOdzG87aBPQTS9znIWsC.
Shelby,sreading2o@ox.ac.uk,$2a$04$v.NsOYCHecUfBx48cIzMmuI5Gvq0Pu0auan8F6T1bvIIWERRHyvQq
Bartholemy,brusk2p@4shared.com,$2a$04$xd5s6mvadahAQD.Zc0QBjuI8vwtw9EYjBexmHQvWlvjzZoUomqIqO
Farrand,fbilborough2q@infoseek.co.jp,$2a$04$erYhcFRS/wnU9F9DijoEY.yuTXjo19HotjyeJ0TSiHsC27TXSK/S6
Sylvan,sboatright2r@amazonaws.com,$2a$04$4yk8eTCi5EsI3qNX1sRzBO8jGSwJJkoKbJMJLpE3.2Mwj2Fmb7W8C
Melodie,mfann2s@samsung.com,$2a$04$c1qsprCQKWyd4.dMh5EupOc7dWBiFJiDyip9eNhlyg6Ocjy1UeMU.
Mitch,mgrevel2t@mail.ru,$2a$04$0IscnNkY0XJf7nUctMJFL.ThGYOURDr5wfphxSQiSSZdQeB0YqjyG
Drake,dcrone2u@barnesandnoble.com,$2a$04$RTLQ4RhRkEuFAgKBHg12TOlgAv2XEF.GdHhQC6AxAuAln9AwgFrYq
Angel,agrizard2v@nhs.uk,$2a$04$eHYiFZ/NpWYdrIRa3InvGuAUsabHyFTDnXRY9GR5cKq0kUliVI2vS
Giorgi,gvooght2w@freewebs.com,$2a$04$Kr394G4.Q8NoiNv71KEeGuH5aHGbNSql2J/WWbx.nrQ/1pqOuyKXW
Griffith,gekell2x@parallels.com,$2a$04$1l3/6K/.KsCAWgCLbgmCDuBUjDw89vReDgwn0oZG5j3EdzhG3y4dK
Toby,tblakeney2y@smh.com.au,$2a$04$1dpMJmEUffvTSGtXjhELgu1QPkpWeEtNuAmpHfNLR0OmsHRPbQgKK
Marti,mbibby2z@joomla.org,$2a$04$hX8IhFE0gHsPs882VKsa/OjDQe6CPvQJh7PTleLBzWqkHDcCCosAm
Vivianna,vmacleese30@reuters.com,$2a$04$mc.jx498O61HoqM/RxCJju175VEopm4az0QAneXnVy8G5P29O6vYG
Emalia,eeye31@telegraph.co.uk,$2a$04$/hm1jbu0K.SpjpvS6KzCOecvcEuSDsSD3GJSUR5wsD17/QoOGlfHO
Rodrick,rpatnelli32@hao123.com,$2a$04$f5GyegIGBQVkbg/T0leireR1LnxJCUBteauFkdqEeY68dXBMBsDLi
Nanon,nsorbie33@studiopress.com,$2a$04$yE.JYDHwSmrtbYSba3LjHO6IldoCZYOZPT/mancl8FR/CmbHZ/hPu
Turner,tterlinden34@huffingtonpost.com,$2a$04$8eimy/bPHZPt1m/vXCmEz.nb1LavGN/0ZuqWOcq5JGI4GAUeXk.JK
Norean,nerbe35@cnet.com,$2a$04$o/U9s//Jhzc28PuNc6Uzbu59C8AloZLIUyhbeXKxd73iNeMtQpJ5i
Anne-corinne,aport36@squidoo.com,$2a$04$4CXoiGFMkFz6i1tkvshrIeD/RjwPnfFNekR4RI/R4UeeNt.8QY3su
Stormie,shatton37@huffingtonpost.com,$2a$04$LzX2yczsdjr57Vd2sTiol.obR2yJVkD3oNuwMFiXCpTwVYjtzbt1K
Kasper,knassau38@de.vu,$2a$04$MwJidEQihl8M5MjVQUKwnuGlVNHemIMArhU9kJvPdpWn/iNst9Hde
Rebeka,rbredbury39@walmart.com,$2a$04$biKn/wUmGh2CyEAvO0jxU.s8cvXADHKgbEH/ACw8mV.z/ID0ehIAG
Ferdinande,fmoar3a@seesaa.net,$2a$04$7z9yhvxhiuBbznDG5KvC5OrkPeBylxl7/IfQQpzeqHOt3AuqOi15e
Wilhelmine,wheugel3b@unicef.org,$2a$04$45VUfVIRZcYfnWMwR9ByrOQTSf5WzzGRd3CK6O49qjqUy/EiAo./O
Derron,dbice3c@yelp.com,$2a$04$Z/ptpGXglMJJHT494JPh1O5sTUleLKicWJ0zAazMNlCdENX6GRpXe
Lyndsay,lscrease3d@redcross.org,$2a$04$tfr6IM4d6ricYl/TktwYt.cTn3oyXOp6qYsrt2aQ66uCHR1wD8QFi
Randene,rkeynes3e@admin.ch,$2a$04$YaE.ngxaHQ7bOCzE.VhC7.NnA38KXO5uSeyM0dFGmUdLxc7jaVzPO
Yoshiko,ymcalindon3f@hhs.gov,$2a$04$e.WMzOt8zGpEGZ9mfRur8eFGAyisjrvzOCwR7hR06MmitB.zxGimu
Pate,pagate3g@networkadvertising.org,$2a$04$CP7fA00P/yagRwAafRiDxeGT1j68rcE18W2xjnuDLwV/dVHPlhU1O
Robinson,rstarbucke3h@php.net,$2a$04$PMXSm.pLEQIZ8iIJ/j7OfOe1Cn1ChKgtskG6caoOSLCDQwMCiX4CK
Tynan,tjarrett3i@constantcontact.com,$2a$04$AlRB7ymTxU.LvQe1npFD6e8WvHH./H4.L.IDY/jGpx3Gx.OuLaoKW
Kippy,kcatterell3j@miibeian.gov.cn,$2a$04$X3MV60QMM19F1N6BzlUak.J69eRCbzMXLbTRvLYaCJPQGTywivDsm
Wiley,wmcreynolds3k@blogtalkradio.com,$2a$04$ZIIVSR76QAvb62pqJcn6Qee4H6p5fcGcNEDkLfTD7T3EnBTrDm8VC
Gretna,gdrummond3l@histats.com,$2a$04$in0JSib2KnfQVjlAhoRUie025YNPp6cLUtOJx63FBsmSPVp7s6ofS
Bernice,bmingauld3m@netlog.com,$2a$04$j004166x0YqejZ2NKGeX0eEiAMFWUmbP47meWFvzOcvGgPaUKKh4i
Manuel,malldis3n@house.gov,$2a$04$x3x3lrmtMUSsQejJRstiy.NcrGlOwhh9sXZsJCDJDVWvUHSmu7qi.
Lynelle,lalderton3o@i2i.jp,$2a$04$yeNFsusjIEGPL/erdJ/yOeep16FqpOqUdnv6eDRaeLkdi6o3Ky5Sq
Liana,lpavlik3p@hostgator.com,$2a$04$TJG8SBA1rZPKgscGxNViKued2Xrwk4U.RryfFdbldScZEtQo1RnB6
Beatrice,bskylett3q@is.gd,$2a$04$a7tlgPTFnqnn0annWWyiluFnwlBZwR4v21TVbZ7My33EcmS6GM.7q
Marius,mallitt3r@plala.or.jp,$2a$04$5r87388nHm1aUmrer8PrK.tC.agoQYHGPNFq6CGrNtWgS99cgbRBS
Ramon,rjelley3s@latimes.com,$2a$04$CZsOdctKaWuotQmSf/MZ7uPt4hDHwqv7aanoiLc5A1BniTEBI4KdG
Isidora,inaerup3t@wsj.com,$2a$04$i916933Sdi3HH1nttUrm4.RACTmjwNZEgonDJVXafNAuzn7bCGC5S
Francesco,fluparto3u@gnu.org,$2a$04$1DyLMPSm2gUmQxepIfMmQuBFByhyH1Y/3yydQU7RZ4lPRMh7EFyKu
Monroe,mwallman3v@1und1.de,$2a$04$skmT0oo9lVbflmMwdNXwkeM96izG0cxvZeUyqLy1LCiZSOoH5Rzwa
Terrill,tughini3w@ed.gov,$2a$04$wh4R2Gz7t6Ir16p579V/NewAmWiIXl0AbcF4tPvymxlBCu8knjbX6
Gradey,gbrooke3x@businessinsider.com,$2a$04$F5UOTJ3PXxpwYu87cdrazOkfnFQow3OSdveIHpW1dzP0GBilBQN8a
Aindrea,ahedgeley3y@msn.com,$2a$04$7NcR9zACq.h61e7xnI5ZbunkZ4L7aqtoLQfUHGR5ubqeUEtTqSOXu
Cindy,cneads3z@quantcast.com,$2a$04$l21HvTB6PGRVDUNICcFIMeNofY9m0LsXozWerivUlTInl178pVKB.
Waylin,wyarranton40@merriam-webster.com,$2a$04$KQM/IFpfIBF.utZJO3.PCu9/q0ka3jJyNRFI6kXyyRmuqmDDfCbNC
Kristal,kmckeevers41@independent.co.uk,$2a$04$reM3rqjwoaVCg10ogI7u4u/m7J3gdsTea6WwiuNSfb.jWSfGODkUG
Sheena,scaplis42@myspace.com,$2a$04$gTOhTx4sW2kSdgZQNcq7CuWEQLU2JLr54U24vd74Bz47oQetC9N42
Wallas,wmarkus43@europa.eu,$2a$04$/1dVtMTRPg7CzQ8Qt8RwwOcWpd/ZTDh405VQSquKuy78HN5VF1cau
Dominick,dedmondson44@fda.gov,$2a$04$DEzR4vUbr2iQAquetiOSIOEHqXyE8nucr4akxsLOdSZD5Wk0YjYXC
Georas,gjaneczek45@youku.com,$2a$04$fNo1LSdTY9wHV6oraF8WD.xR9yV4O.7YwBoy6gZBCAqPh2QWDFP3y
Fabio,fisherwood46@dailymail.co.uk,$2a$04$SkkAG9o4M.GdzZCIXVcLc.TJqhNyG5o3D5bGMe5UB/EXSTzeEXLze
Nathan,nwoolaghan47@earthlink.net,$2a$04$XqJejAqRj6LOqZ6f2MxvZe.Vk2uJ/Irmort1ucTbI50bUZFoYT0ba
Cullie,crasch48@amazonaws.com,$2a$04$i6vKo9vUtXV137Nu9U93JeoIONkQhv0o/Iro.1K6YfPWWPsRw5swK
Deanne,dsworn49@hc360.com,$2a$04$2ozx7v7o4hUuQlm8r0mE1O1t6pxXW6MuCiQRVfbwt4GaripivgKua
Ronald,rjindracek4a@newyorker.com,$2a$04$LE9KQ9Gw4t.K43Au7YhaI.WBzYpc50h5wwlilI7PGjdBGSB/rxfhe
Barde,bsimonich4b@ifeng.com,$2a$04$xw0j9nXmYUG.wEiC3P4W1OlmpvZwMyD8v.23UuG2EEUYVCPXBDCU6
Almeria,asawney4c@hp.com,$2a$04$XrUPIA4BapRt80I4zdBHPOENXkUb9ip/W1QenfXPvCBOAnF3/N43G
Waylin,wdulany4d@comsenz.com,$2a$04$EE8iKFYv4WnCShR0XEwan.QzhzyDbcduwqxRaaXKNPBrrbo3YCP4.
Magda,mthompkins4e@shinystat.com,$2a$04$0lDlL3sADrE2DNZ9I3UDiuI4YEGiqiG3Ntj2kDXGH26xHLabBjne2
Deny,dtardiff4f@etsy.com,$2a$04$nyW6MheJJ26kcDaTfbTyk.B9bnPJxR8hAX17iVAskAwteBS/WFfV.
Lesya,lforgie4g@amazon.de,$2a$04$hfd3WnNXe81LW6mfPdQ56OoZ3KA4n6xGsiurtchlFU1zm9Hy98VCa
Lia,lgillingham4h@themeforest.net,$2a$04$X8RJaUOwEEhR/5D7lqnCDejlYp/pwffVPf32UX8D4/dt1e3LMB/m6
Mannie,myitzovitz4i@chron.com,$2a$04$IU1ovCR3J1dJoyIBvGdXwuXiN8ooJHBYeh5F2CZ9GqC0gnTeOiciy
Leora,lliddington4j@spiegel.de,$2a$04$lrZ7WEwXTTN6CzFDZhdVzuU94j2ACpOjlRnp/CLg9bph8M2.Jro.G
Piggy,ppharo4k@dyndns.org,$2a$04$48AI0FPsvsWee2fwwq3hderi9UD3csJW0dod1dwzn.5iPdc6Pg7j6
Nil,nhurdedge4l@bluehost.com,$2a$04$BanvM8q0/xpRjKl9P8s8/OsxphUzmvlj8g0.p8rqOiILEOqcTT2gu
Dore,dhardbattle4m@livejournal.com,$2a$04$dbO7MkKWjHtv.zdZvw4GzOLb2l4wHaPKNqSYMIOLBW4oMo/dplyQC
Heinrick,hbrumble4n@patch.com,$2a$04$9WVPSWXLx7QvRqf6UUvhYeiCK5vc9Du5e0FZBUHLSplmDEI.uXzV.
Jacintha,jdakers4o@hc360.com,$2a$04$6QrTAwhRRPQX7kMIiPM8QuXjDSvZXC8A2vclT5BeqBaZkz1vrWrya
Brandy,bpietzke4p@cbc.ca,$2a$04$Vm3cZE5gCpI35KyI3r6eKecVlFr2Tq6.vwblq7LOowWkFl5Gh/FuW
Haleigh,hfarlowe4q@domainmarket.com,$2a$04$gz7GdLK65OBSB/g1/uzmXe/.jm79RjgX4srYyapwdE/DimaQiyBSy
King,kvenneur4r@jiathis.com,$2a$04$HIz.Dcyc0o9ojNxXsAkQOOkkGDO9hlHDEFVWihnXcu9TblYJRhhQ2
Gayleen,gullrich4s@sogou.com,$2a$04$WxbqH8.nR1J0G9Did6zTbO5braaQMifBu3zabPDIikNtRjgt7elSu
Basilio,bpaulou4t@yandex.ru,$2a$04$nXJU.hYd6HJBuV4tYG1N.eQaJsACFxmuQE5ain1uAQAoyux3WG/sC
Rikki,rcrinidge4u@artisteer.com,$2a$04$fDMGtAK.pP/etbFHNGLwD.mGVUON2aO9D3zgmwnTYM38PE2toFp62
Neddie,ndossett4v@usgs.gov,$2a$04$RZRhNPIpNH1i6xH2lwC4MObGZ4/YdRzxPgDkQwg6xqgnI7.zXoQZC
Nickolas,npawling4w@prweb.com,$2a$04$rDOsLCTOtDTDwF8BGlnpkuSIsA7T/77q1368BUeIm5BKYoi9lp/KC
Mohandas,mmerriott4x@zimbio.com,$2a$04$pla2jyJbY4L7cL2kZdh32upa9Xkm9G91mJbGxaTi5DO0yxC4sJrOK
Hoebart,hdolohunty4y@springer.com,$2a$04$owrwBNvroUKNehADNhV/o.vAF8FK3CIXj/pjR2issQgLYe3qxzDyq
Nerita,nbergin4z@cornell.edu,$2a$04$L4uxdPrD7ga997QmA0xr1eSlhV6wuHmlxX5hp7XWeaAROqq.LIQWu
Laughton,lveel50@nyu.edu,$2a$04$GNHNCcg1Y4nUp91kJMN6FuiFSlU/pMVxK3E2NnTKzv1lLQA60HGMi
Jacquelyn,jlodford51@ebay.co.uk,$2a$04$Y.TsTbEPfIF0xEx36SGlt.cjebOGxr6d9WFv.NQXBZ41oSMz2S2OS
Delano,ddavall52@ycombinator.com,$2a$04$6yg3lh8vTU2QaGzS3tw7Ze7w/QTZ7PDdYwe4kW96Af7qnBAbstoV2
Humphrey,hgirard53@springer.com,$2a$04$IewZlqSYSipwYn9hk1nTIOsmCv7LdX6VxvKWL06a4GazN/cEb2YXm
Natalie,nlarkins54@ca.gov,$2a$04$RSs0sIFiSVQfuMaHzauTd.7ftCJaWW453pMAwTPeDr0jSGBTz0.J.
Megen,mdyhouse55@amazon.de,$2a$04$mpT7ldL53wWFGdUhbDm36OqYijNan5mJEaDw18XOVMuoySKDoisjq
Benita,bdominguez56@goo.ne.jp,$2a$04$Wy9q1H4/08VCaH1xjWAWIO7pMT8Est2s3tzk3CW.hpfHTj8m1Szve
Suellen,srobben57@gmpg.org,$2a$04$WRISfmSlM/3QBLUOHc1hFeHccsBlATFvqoIY2E0c0GwOQxDi1o56q
Brooke,bobal58@altervista.org,$2a$04$C55..7BoJlOPJwXFuaE3guLuVmjJn7KskKVFQnZKCvj.6/EaPbbYa
Rowland,rknoller59@phpbb.com,$2a$04$MWCA/G9B0tH/5Nk6KBIml.Wic3xNoRrmuzslqOEo5VS7PbZI7xrYq
Valery,vhechlin5a@miibeian.gov.cn,$2a$04$6SD5mZ7iuehPhNqYjodC2e.NrflxEjJEvgNpkyOrUc5L458TWcnie
Flor,fafield5b@redcross.org,$2a$04$ggnLU.yuFq4JYFIUdfh9l.MA6xTJ6VfqtWwD3Gf4HQ.g4wrol2ffe
Caryl,ckeywood5c@mac.com,$2a$04$ndCk1jnNWqvNgGy6fbeQr.HmcNoh80vJRSRJyERA1Razm/5DhMR/i
Abner,amatas5d@over-blog.com,$2a$04$TgIn3uTO23W0g3Yr2n/7c.eUEIxh9/5YNQtxDIWr85/GYjHoJSYmW
Maximilian,mrosenbusch5e@cnn.com,$2a$04$/026LwFiDgRZus7zwoDs7O7dpHA0fw3Pp7HLHaP.W7Cg6uyulj4qe
Nikoletta,ndovidian5f@google.com.au,$2a$04$beC3CZmwYec6.ii4LQdlV.7n7a6m1LWcCHJM09MNTNQU4/arSiXq6
Lynnea,ltharme5g@bigcartel.com,$2a$04$pKhRINlHheGEN39o8DNnbuxouMfNd73P0emiu8DN6NUcX66lhQAqm
Ethelda,ecorter5h@jalbum.net,$2a$04$L8vN13MWDIChJkuZlgxrSu1LO52qw2WxfsN3K5DXlooN3.pR51nOa
Amye,adutteridge5i@canalblog.com,$2a$04$rW/4.WioKQUNDJUHh3tBGeqqSrvbPW9p6XdaIj1y8oadafhOKVwFm
Wildon,wbaike5j@nhs.uk,$2a$04$dBPb3DIxKgUjp5zhonYs/uEqiRKKjiMJ9lHESlKX8q6/l/IlyIfAy
Erl,epickless5k@home.pl,$2a$04$bGso0XlvDU3XBL.yVbumjOOxMo.h6n8B8CHQ4FmC04eCrML6JI7Lq
Kimberly,klevi5l@ca.gov,$2a$04$oS3yJ3D64PDsgB0u7MSr3OI72q/.FiDjkPT1EkyacjLVXF9Hz2BlC
Shae,svayne5m@desdev.cn,$2a$04$uq5ROjF3Bs8kMI.5.pmfluNmLCHPypXZVx8TgwJ1o7vQu6WRp3kwu
Jesselyn,jbarwick5n@netscape.com,$2a$04$IqTnZjpo9a6pj1pcp2nTbOTDAdf65kQpxaXI.aJVgYB2lV0gM0Uym
Sonnnie,sboyda5o@pcworld.com,$2a$04$oaBwA/MiMDFNWHfRhOqWBuLBBFjM6uWFeLEL30yZpCOSbQGNXUqJm
Adeline,ajeannequin5p@cbc.ca,$2a$04$kayXdmDXvc7xzvHdbkDEs.ukNBWNHnQEQm3LV0LPUTs7a5ySRHOYW
Hanna,hchimenti5q@alexa.com,$2a$04$ot49UsoQym3yPmmfgPZvD.zd4ghaNQl04DJdBttzvqCEkTi2IQE5a
Starlin,sizhak5r@feedburner.com,$2a$04$uWGKib9fbi541M4fre8HqedfADS4LdEpu7qPtJhKj5dJhmZFxEGti
Emmey,ekmiec5s@aboutads.info,$2a$04$BXCw4uEC64nz72TH2GEpGO8vL7s.WM0yw.wrSWk8khgcyqH4TG4Ky
Arvie,amorfield5t@oakley.com,$2a$04$r4/E7MsNrmOjQJAewADTk.X8VXGvTkvRYG1FJp7jo2zOEsK4OmAW2
Bradley,bbeggan5u@dmoz.org,$2a$04$.yE9pULuZ./Kdj0vKOCpPeG1AwXwvIjH.MEVoOkSl6trtMxHgTV/W
Kalle,kfridaye5v@posterous.com,$2a$04$pgcDC3daIEB4HLkb.tse4eVGZ/tQLoqR2lp7cVKZ26yHp.FAMsMG2
Harris,hautie5w@fema.gov,$2a$04$qzsMWS5uscujj8AoqqwbT.3ezl8JczRMeytzk3zfiNWaAfyVR6XYC
Cordell,cskinn5x@whitehouse.gov,$2a$04$0gqs1yEzlymzXQmU.AdTsu1qd1kCd4ngUsTF8Bukw8nQspC/z3hCC
Jaime,jyakobovitz5y@e-recht24.de,$2a$04$NfIp//t8vQo0/T688UC84.G7brXg2A.HFxYs/Wkd4qMNWraLMhxIC
Greg,gbohan5z@ameblo.jp,$2a$04$boLOe2/ERBPiJioG80gMGeh3QDCvEgQ3Z3uriwBrNVsHBc0XDyLJ.
Derk,dgriffey60@lycos.com,$2a$04$eGm588KZ1UMvXC4qMq0aTOZNVdomCGbjiUu64.v2uXb.R.In6sQeO
Oby,owestman61@huffingtonpost.com,$2a$04$1DZyMhzVFyhDg62E5iZK.ubD9Uh0KBbbNmUSGrDFXScrNjCpMgQYG
Kelcie,kharlock62@blogger.com,$2a$04$G3iHLmFL0VTwUWHPgEtuFuuCCvkEcJAjBWPKlNMeXvTMirfTAmrL.
Gawain,gmasarrat63@dion.ne.jp,$2a$04$6rdRC1Gy5qDDUQiHPMMQZ.Yk250.AcmNXEKX4bkWeXGm/DNDUTZb2
Isabelle,ikeslake64@washingtonpost.com,$2a$04$qUspBN8KcNq0KdUr6PhOd.MCX4RqMUrWMn/fJF/6diwmk50SfjeCi
Marti,mmumford65@google.it,$2a$04$tsMCpyVb7YIFSjn/wMZQI.UWGu7N7ZDEzHrFrOXqbc4YMAOeH049C
Davine,dpetegre66@paypal.com,$2a$04$TnX/9DdjaOVYIkBu9SnvgObYmbvFXhjUipurB/57GdeCPjkgS0rdS
Gypsy,gchurms67@shop-pro.jp,$2a$04$.XgO.0LH8FBd/xxQj.ESuuXgq30g2fjSxYSZYaNkIlrMXMB9hzOKq
Jecho,jpenticoot68@diigo.com,$2a$04$qJrr7bQitACFKnhh1wz3a.5gWx/PnT1fquY1bjq01WKzxqnGpBk/W
Melanie,mjekel69@businesswire.com,$2a$04$FxIcb/dMjmry42mYgesU6uXk3IAeSjZqLShdBWpdKwXXFPSqOF8Qq
Alex,agoode6a@sbwire.com,$2a$04$BkO9J.4ejwqISDRrxCNI/.5XWSE5QYDqs3Q9BYBwhq.QdlNH6wvOa
Emmanuel,esandercroft6b@dailymail.co.uk,$2a$04$Qlu2ZvkzptjGymxttEPPtO44KOA4IzXBPHskGXQK8LBkfppc8EVhG
Leonie,lspaducci6c@ftc.gov,$2a$04$t1UZPAnKuovsJSAY88MO4Odvv/J7mYvBzNbjvmeN/B.axewseWJmu
Miguelita,mcoll6d@upenn.edu,$2a$04$iDAgWgXhqFKTKrqn67aZ3.x41RyXIDjfHtVUKcMsyr77VQrW.U.CC
Jard,jbleiman6e@slashdot.org,$2a$04$bL7OTAWEz/BxdyQvRifkIeiSgzT586s5pUpdXKqZadeE/AEUPxGPS
Sheila,sarntzen6f@topsy.com,$2a$04$GRUp3F/auJVpZl.JPucFDu.G10XYY5HV1qKrnrrlkcFSSWMXhQBdC
Thadeus,tpedlar6g@alexa.com,$2a$04$r6JkzHx/wXzCwULsUE08uOZySXt.txEKm1M9wInsrq2LjYlKTNjTy
West,wcranstone6h@pbs.org,$2a$04$IRDtvpjmgiVdH19gf.ny2uBEpxupkGF7FCb4SrOzmASwYTnx7LIzy
Tawnya,tworton6i@nih.gov,$2a$04$DbUpknReLYzbrKwB5R5DdexJRj4sLSlcUdzhxiTwXPeVJUyC8HxDu
Glad,gvlach6j@bravesites.com,$2a$04$NVuMltIrNyQnb19czpdruedquzK0f7nu5uK9nU41BnwPWxBi/CDIC
Elliott,ebabb6k@admin.ch,$2a$04$R91KcAGMI7qXHPQMSYYLQOgHAN9J8riHG4heqXX40LBPAhhzJNVla
Hinze,hchater6l@zdnet.com,$2a$04$9tM3ywMiwoJaM.rWDTt/L.vUq7bQt9lmvx/f7x6q3w3P2OnEulaeu
Jethro,jledstone6m@google.pl,$2a$04$XWvvfrqlDB87UWuNzXiHpu5dOvI8Q5NhRAujFjtvnIRJrteNZDSXe
Deane,dofogarty6n@twitter.com,$2a$04$qqYvsNdDzJdS.CdJsXVU8unN3A4S3LQzISeJ.CnfPW8e8HxpHTwAW
Urbanus,uwaterstone6o@wikimedia.org,$2a$04$lXMixvBuZJWtGEuUXFADcepvRTbgTzUMae49C6RGscDBhNbUfYyKC
Agnella,abrislawn6p@youku.com,$2a$04$gOy6pcXstZd/yHnlPNo8COpHCwsgl7g2JZcBEaZoVlMLoZOjUhAQC
Reginald,rmenzies6q@hp.com,$2a$04$JNE5CELlENi8rYxdFYVKX.pn5BoPOmZUxCsJzT44dhg3BLzZqGmue
Nikolai,nbraun6r@list-manage.com,$2a$04$avHnWMjQeOCnIFVFo6Vnd.CkqhOXJfgrdVwrFnVA4D.AaNehUHT0i
Kareem,kassur6s@joomla.org,$2a$04$5atALzs3dkj0pM6sveLVve9xVy7PoSw5U3BB3zQ.iKwBU3/TZ47dW
Marin,mtwiggins6t@princeton.edu,$2a$04$UDzmtE7yweWG8qRjqO581eE3W/dVPQ3PK5ds7XizJeGaJNHjVFYHe
Candace,cwallbrook6u@skyrock.com,$2a$04$oaiYA2vjtuSCD8rReetq7OqUm6tYL8reZfz4fX7LguliupUq9tOlK
Bran,bpennycock6v@mapquest.com,$2a$04$ybiPXWv7U/vpW0Kc0UFgMuNwRYuUrrN4ybnqOK/MNXFAi6ad22uFe
Florella,fswyer6w@macromedia.com,$2a$04$J4mAZrQxOFVRMfphAdPkeOYqa.GYw3zX9KEjPB.ido2Pcql4NRRT6
Nina,neveringham6x@dedecms.com,$2a$04$O1jKqGCmMWifDjK3zMRjW.xr6gToqVssFtjRwRu/u2f5YTSr953By
Dulsea,dvillalta6y@yelp.com,$2a$04$r5z1heL28/FAW0Q7102b9u6CpLPLLzc22IXI3wSydYG7717ZzzhqK
Reade,rsivill6z@upenn.edu,$2a$04$we/YOvr3XWd4moX6ZsAvPeQAt24m2i5YvFhsy1mBHAeav1hiHNHpW
Levi,lbrickdale70@soup.io,$2a$04$dQwIvwBFoXi/ItGdvXh9g.pPVwX7NPpgqNgkMr5uCqAmc32UIW4.K
Hollyanne,hroskeilly71@joomla.org,$2a$04$FjiX3bEWhh2COKi7s2ThpuVQV80tTIv7l27FP8iUmNJuKL8RzJCsq
Byron,banderer72@nba.com,$2a$04$xJ5qCGid4xYIPxo5rMmlBuTFmL9vqgUuMRmtMrmQugM86o4QVzAka
Gwendolin,ghackelton73@etsy.com,$2a$04$MjUecX9I6h8FXUoZyjA3L.96iHxJNwmr8lF7ps3/Lrh1UNJBjNj26
Morgen,mjillis74@last.fm,$2a$04$cdlTcDVORaz07Paf966sme/2E4HLymARayC/fLhC6CvH6uOMES0ly
Em,ehynard75@theatlantic.com,$2a$04$GSu3/uPMzyJHm79JInRNX.LHSD3GwElVzIFkDX/XPce/WsgaoMW4a
Brnaba,bsultana76@hostgator.com,$2a$04$BFuMGTWfOv8dtZl.d6jDdO5C2SFvlY8qq0ArnaAIdiVBo26T8EhFC
Natale,ngladbeck77@lulu.com,$2a$04$lCHZha0e2x0iSKh9ldUFB..jg18hiq9KPoIe00BSdvl0stLreGDzC
Amelie,agoodacre78@jugem.jp,$2a$04$akZls4Dwopf/VCgZtmaL..u96/RqONKXBRqsxb75BKeG1yr8y4ule
Cello,cbayns79@blogger.com,$2a$04$wIAo27Rp6pp7ewnNJfXKJ.0//FLKda.V/PqiEtqBGtTqqjVsQveFm
Ruth,rkroll7a@cisco.com,$2a$04$X1DjGx8hKCHlal6spYDkseRUdq.Nh9cOoZ1vD5i5XMekQDizP9iq2
Halsey,hpetto7b@engadget.com,$2a$04$rdnDvpdShsTmCR45E.nW9.nd9rrrqy/CwPOkfUOM.oIozEhygP5zu
Venus,vprozescky7c@php.net,$2a$04$tl4sNXvx1t8zRLzvbaynM.YKX2quR2a8OFfAPSmIPOyq3kHb3/i8e
Northrup,nosmund7d@statcounter.com,$2a$04$wT/ehFjuwZvniLGB3gcG1uIS0uVrnoJVHmydc1/QpA1nZt.NrCKA6
Dionne,dmcblain7e@engadget.com,$2a$04$uqrmT017K.hyDnMr4RdAluPNGm87Uuy9xkfz5bj0V2aWFy/y5hGD6
Jamill,jreignard7f@mysql.com,$2a$04$TL.OHkFnsj7sf9UG7j6wwe6ueG2.3CbwuCg5MCHc4ZxLWzoL79ViK
Ann,atal7g@auda.org.au,$2a$04$iZPEoX/O/h78VZHwN.QK8ubXV2Fs1Q0Fc.Z3vrNyJsAu5FHTQs4ve
Dewie,dandrusyak7h@wsj.com,$2a$04$FDp/pnJgMDsNE5SMSKpDRea9wJQnIz/.oaenef/iB9jnFo1i9dHce
Brandise,bshellard7i@umn.edu,$2a$04$onROLqcPvzpb4KiQENiFFO.p8z1QpHPHJs0NpyNeDgwIXo/QOGDUK
Gaspard,gmaher7j@tripod.com,$2a$04$JlR7o7g5TTAHayYyIN7NRucRD06ClC3AQKePuCAhp/raBUUx2eT0e
Gracia,gpacey7k@icio.us,$2a$04$FjeWhZXhrNNkwsh5U5aRgesIvJExowcAMwE4wIaTdFwaYEInK8DgW
Lilly,lgodon7l@apple.com,$2a$04$IwV0TyvXIfRFW1qiwT6oWeoX0wQsp0iAHOPrWUd6s6VKwNJXJQzsi
Carri,cgunthorp7m@last.fm,$2a$04$wnDfCf.PNBIkXjCMuX8NE.POXmJmFv0dXUdb9mVkqoSSi0T4wizhG
Malynda,mvasnev7n@bluehost.com,$2a$04$FL38IyhyTz1g9D.BH0yx3uhyj61w8JCtSR7jgRuLv8qhePIfLknDy
Lyndy,lcoolson7o@sfgate.com,$2a$04$Zt9GFUp0hKBLe83Z67Y6I.8CxQBJ9G1DaIsExT45grkA2QjM7CsyS
Oneida,ofreiburger7p@admin.ch,$2a$04$82aar.w3bUS9xYTgif7cIehWutejENGs4htKChsi1/nJk9kUUoYvC
Ado,adinehart7q@google.fr,$2a$04$KM/7btlhbIouEHwhY2C6GejkmRtzRhuoIpKLsQhRZw5whn6akPkV.
Codie,cbattey7r@blog.com,$2a$04$9./Mr3MCKxzKT.xBM4H1VO3xnlfHscsaFe.FQu2glJELZSxH9SMcm
Zachariah,zcowlas7s@apple.com,$2a$04$7KgQgmjmtXFNZB0Xl7K4tOmhaPaLJLizgsMOWSBXq7xFj1o5vw0Lq
Frazer,fcastagnier7t@friendfeed.com,$2a$04$0QGLbrzhMx4KjPuoGyaHAOwMnzAsxkeR.4eOnXqIWI2SfX0K28Ro2
Toddie,tbirts7u@g.co,$2a$04$kJMK8mKamt9F45YCbEUMu.DP5AX6IXMddkHqs.7cCcZHoyosRjuze
Eva,earnefield7v@privacy.gov.au,$2a$04$qYgd.bVrEgBv1JC8ymt5EOvT/wWJuLPRSAbHQBUjQnvfcUvk8Dtmy
Alissa,awhisson7w@vinaora.com,$2a$04$TTZ/aTRG.A5v08nX4OA.z.Q8Jud7qpDEEJFGjfAGXz0IrpQ5MRBNS
Rubi,rgabbatt7x@imdb.com,$2a$04$kYjev5s26zPaOlXDnk9MsO6/m6T40X9qq8MpaiOT2vZXwlOpIAqhu
Alysa,atatton7y@msu.edu,$2a$04$oOpCVFRCe1Kv0YCT89nAL.rR2i4Jxv6YnaD85ET1KKUB9wfIQusZy
Erina,efallow7z@bizjournals.com,$2a$04$HwywMluRgeyyWBqB1EFSPeT5T6LDuHfZ.l7Jbq3YKe2KUoGcVrDhO
Bibbye,bgaynsford80@1688.com,$2a$04$hwmgxLnkG6ME1QV0TND5y.SvuXwJZvAeZnhYM1o1uTTCfKvkJcbQy
Eleanore,esellek81@gnu.org,$2a$04$V2PJrQRqWm4cDkDGATRovuPOm00SiaGQ.0WeuPny/5KtRBfTL939y
Denver,dcaygill82@theguardian.com,$2a$04$sMv6h/Iz.uO7NNIgq.lCtuJsZaVO2McGiTTD92A24bw9Zvcr33bH.
Thurstan,tcreber83@de.vu,$2a$04$xiCLZHQB1tFukfvHFoA28.Le3tFbe6v4F1J.WD61LAhST1r/q7g4a
Cornell,ctrotter84@theatlantic.com,$2a$04$uRvIB1.D31sQPbrmVhVGPuWF/0nhDdTdp.bx1EfhKEWmAOzn0SDg2
Lauren,lreach85@yahoo.com,$2a$04$aC6OfE7YoBZV2ewgWBd/5ev73x8bE2FGAJyYBQdF0Et7vVUrEMK.S
Ase,apitbladdo86@wsj.com,$2a$04$KYp6SWZaHyWDakbs03ML.OVEuBH3PpN8WS0xt22YL2gkM6xH1sKz6
Joell,jbaugham87@nydailynews.com,$2a$04$BlnzQ.Rz2tslwAHLcQvMe.lYaRgvvSXzwcH0Bn53WWJOukoz1knpK
Nerte,nheinsh88@ifeng.com,$2a$04$/JHB8UkDRUpL5mj5.fSF4uGPnUwFcC4EaYc.G0Q7u7Es5GaKUYw1W
Meggi,mknappett89@disqus.com,$2a$04$XD621aXws6plq5MtN9t5t.E8XTmoBLLJtRehep7PgBOcMF2MBKz6u
Ellis,etombleson8a@home.pl,$2a$04$rb.8CWq1EzM0uZoLLvLh5eNdxqQ966zpq1HxHpvZYu72ngp8fBm36
Dagny,dfri8b@craigslist.org,$2a$04$JcbYhdlsblCrq6kVljQF2.exzDywVreMD8WBs.lR.Thw.dfjawQi6
Mel,mtrenam8c@free.fr,$2a$04$LmxO3MTqfBnQYNKpCzqk0eRyA3qzkA4/OOFZ/UtaeiOyN9R7OnH8m
Christen,ckegan8d@trellian.com,$2a$04$icy4qcGfsBBOksqsoD.NquIZ9LZ7R23g5RFuGU/qtxgnJCl2z48X6
Stesha,slowndesbrough8e@themeforest.net,$2a$04$iqQRXVmo.O9tVyjfpBQtHuVVFpXUTRFwF5/Vz/Vt7dMGhY/cyBayq
Dulcie,dkunzel8f@abc.net.au,$2a$04$V/t.jyXUkAHArUzLEnAGm.Nhww5eDsjLQBWJ9xa4qfIolkraoF00m
Ardisj,aarnaud8g@boston.com,$2a$04$IgRtHMHJiUvXIaWds5I2mOIjdoXLwekJYoLIknBbzINIFy2RbSCLq
Gaelan,griby8h@cnet.com,$2a$04$wUf/QZYJU55PxNlw1KWBB.PApAUl1JRECFEPH2zbX0hvAvw0EHEDu
Karoly,kmatskiv8i@moonfruit.com,$2a$04$l8cjH28/Mhp/ze6RvWG.BOpdzcb0h7byTEL4opnS1xFcc8dsMZJA.
Lawry,lmongan8j@psu.edu,$2a$04$H3OnXRnvlz97mTWOt2Wn7u4sLJqXJabJ23t7yJDcxLF2TuJqQv4gO
Petronilla,phugonin8k@rakuten.co.jp,$2a$04$/pHezsds3zxayDzZk8fxaurBlWjqonE.v.34FaZO9QpqL9ceCPMXu
Vivie,veppson8l@etsy.com,$2a$04$G0xukBRxQ3MBRr94eGX7LuwKeI/Z3.RECiiav/.l.Ww9PqMsdlPuG
Johannes,jnason8m@canalblog.com,$2a$04$HVdhRGhCV5MeT2.MoJ/3OutDNTjx8D5F4WSxDjQipg35y.36vSwku
Cathee,csimmon8n@rambler.ru,$2a$04$eryGUxUB1K7OV/upu3Nf3u.B4fJBT20.GvGhqE94XKLM.m5xee0/.
Berkie,bgreedy8o@123-reg.co.uk,$2a$04$ROdrqE0XVYMukA8kZcw4MOOVNnyUuKzCllA.gsA1fPPhfEGJ872bu
Jennica,jwilkin8p@princeton.edu,$2a$04$xZpMd6vjd6PJfV24V240.O3rxxOfjVGtCvWQAfgVHrUibiQ.VFvSa
Lazaro,lschankel8q@qq.com,$2a$04$NJM7lwDzerAM6x/X.3pcj.RSwTznFe3IEIiW0avdMvjexlRcFqHli
Grissel,gdriver8r@home.pl,$2a$04$iAOUmQHEyPOzm1/zaCUrCOg7.9tnmwkJJFHHZg92R7TVOYj8NG9YS
Erwin,escheu8s@theguardian.com,$2a$04$Wl.V6hdMpg0GKOT.KXYxsuyWAEOct1pJBl5q1UHvUAivWOahkvlVG
Mortimer,mdeverille8t@infoseek.co.jp,$2a$04$l4ZXD4.ifty5xBKhY.0SsOXWbVxR2skqf9FyERuZGzKZMDQhwKCVK
Ron,rwalczak8u@comsenz.com,$2a$04$76BD/QXKC4bVV1WDFlrUMOKKV/jOrEmWLrCdMYGYtgYdy2JI532hi
Rona,rkilshall8v@ted.com,$2a$04$/CpapAEfCJMc1y9dqtbcEeQsw9Vbtgw.W4d1EKRy1ZEzum2r9AS8i
Zorana,zrivlin8w@facebook.com,$2a$04$0kDx.3Y5zuegKGJS62UIxegj57NhzOnKKCK6FTGE9l.7bl2xFGgva
Kayne,kaubry8x@yelp.com,$2a$04$3gMe8uDnyJNu42L53Sa6..nmDgaqBnhMcMo0EJORGbCUFET3tKLcu
Bourke,btenby8y@hao123.com,$2a$04$TJNvL0SG5ltfsxhHaEikuu1q.SIuU0dwI4Egnvm55nQzpyRWsklQu
Mahala,mcopes8z@house.gov,$2a$04$sxzej33ZPGAPLvxLwUEPWeZbF6lG9faD62Gi3TFAKXjHkTXTn1Y3i
Hadrian,hfallis90@feedburner.com,$2a$04$LlrHYaXOVbhoNNNw7dB0W.IYpSgiSiDxvUCS2n/B/vzYB3X7KPr.W
Dare,dyakubovich91@cmu.edu,$2a$04$0G2XbX.2hsLXjlvQAR9j4OPz67W6d2C.RL2ajxqt8OXZwV2VOrSiW
Maria,mgething92@scribd.com,$2a$04$vTZaMIfoRgyxRB70KlGGROTCdH0pqCpjSeOL/RsvMPBmQjL.7HkAy
Marcia,mhiscoe93@google.co.jp,$2a$04$82GDyNRYV1fWn58OuueBsOJAf.IwqemQTkJXHecGbTQQ3mJU1Sa3S
Benetta,bgartan94@cnet.com,$2a$04$bqjb4Wa3hcsV3NF10f3f6uvHiD9EG2c/zeupa5gIjk61wQ4Qhb/ay
Dieter,dbachman95@reference.com,$2a$04$Pt5Enh38rnOpdi2Vfe3rQ.VSstEww/JR3rW4l0vKbkF1JvMJlcMMO
Walliw,wdanilenko96@army.mil,$2a$04$Og5xyeIkPgMjoEm5hy/l6OgMey/EN5qieljQ8VGcppJXrW7LmxnDa
Herculie,hsodo97@guardian.co.uk,$2a$04$9dNX/5gWhQJeIctb7hltceHeCWc/fjiuf43MDGZyFD/JXuqs2Kq0G
Ferrel,fvillaret98@google.co.uk,$2a$04$WOKIGBIG2jxmmBjUkDhr8eNp8RC88wX4YVI1WpNXG1ZfCaPzQH4jq
Lyndel,llaite99@istockphoto.com,$2a$04$tOPQurA6RET5y.7eJdYemOW0fNI0ccZ8XgfBsXnvNsLcSHezWl2fm
Pavlov,pmacdearmid9a@netlog.com,$2a$04$chjDoV9S7ZLZwVOUTGEQxenkBRnjkgqgToT69XDQcenwSS0VNQBG.
Adolphus,abrunnstein9b@weibo.com,$2a$04$bwApdlkO3fgzJtLg0aiNU.eGhXMCt4/9bgBHMMaQVm1gozNzaRdvm
Cyndie,cglasman9c@army.mil,$2a$04$hCNkozVVOBwB/VwgXT2Owec5JrAeCrOG3re0w0UZYBWLSywM1MUVe
Ede,enewbatt9d@jugem.jp,$2a$04$8p3UMytUqfdC0/CRUjtmIu2aexFKg/HezWJ4.xqtcrtfxicdNVV.6
Morris,mrijkeseis9e@wordpress.com,$2a$04$/QootLOpMwrvORkuXPyKOejVw7txnCgHac8A/HjnA2ARU0V5rKL8O
Benito,bbracer9f@domainmarket.com,$2a$04$eYiO.Ua4L6H3mgtfQH.t0OkjllPTRBotSfPrgiMBQvhbxhWZQZ9GG
Jacinta,jbennetto9g@washingtonpost.com,$2a$04$CaWxWa.CFSQrYBvrwaZ1b.QMPTY50MfZJOTx85ygpA8Ae1lskozXm
Star,skelloch9h@photobucket.com,$2a$04$QKlI4rU7.7IwMD5zeZh45uoIEmEQBbX5FaO0s3QNH9T/uRdqGaiQK
Say,schastagnier9i@kickstarter.com,$2a$04$zqIBVUaGZYOHBPAhVZ5SxOFP/CLwStfFIxrRSPUbUcVXUN3eE.B62
Anni,aacutt9j@toplist.cz,$2a$04$MnrglhMwl6R6EuPn/JZIduf17Vx4z8kZB1MLPJgy461Q3LGbFPcyi
Hurlee,hdegrey9k@godaddy.com,$2a$04$0.ba453Tx1n5e70YE6391uBv68wDhQtA5TEBxeI0li0z/S2t4VvuO
Ravi,rconn9l@census.gov,$2a$04$RwOX0/QXzniiOd8xu7sb4OVkPN6LpcTj/GCYYSS0f45oijr2hzgJ2
Amalle,abeldom9m@reverbnation.com,$2a$04$uqBOWfgP74de6GgowFLMN.suR0jO5bbJ3sC.m24N0IMd4Uut4QdNC
Avrit,agratrix9n@europa.eu,$2a$04$Nj1OPzNdSXLc/OTwlZ2ybuK12Ad.ZVI.WiJPdps/wKxBQ41zXe/T6
Andrea,abeadman9o@simplemachines.org,$2a$04$Og8.15MsTWjOxmzN2dWyhOGPZKIA6fHbi5/NK1SPtTtz3MNSI6CbG
Mattie,mwarlaw9p@reverbnation.com,$2a$04$0F5.DsX27MkFExtXiqT7j.O7LfZh94.k/mk8UX290qSNnYnDAMBSO
Trever,tmumbeson9q@topsy.com,$2a$04$8P84ieo31sVYogvGJ6Wb/ubXYAEm2I0hKJXGLGcQdKrebfUuHr1Ze
Bernarr,bboyton9r@mashable.com,$2a$04$/MhPPgvrEWUKK.jCfdi/iO6BsUavEu1TirIAsJfiSN882u/NhhZIy
Audra,alambshine9s@eepurl.com,$2a$04$3JsBVyfof6/b2hPg8W7ml.APpKYqMUX1/VAeh3yxByjd3c1X1f9QS
Carola,cfydoe9t@samsung.com,$2a$04$RxqDCrozTJooaL97NM8yh.2PW4h0/Hc2eyIs/Vlsi4psLoud8P0oC
Phil,pthorbon9u@ft.com,$2a$04$ojPJSAoZDkOu5dXYnQ8wleCV8zpkJlm6mhyd.mnP.4M0A9WSFsRXW
Ginni,gfalloon9v@prlog.org,$2a$04$SMIV6rqR.zxP20pKI2R2IeiNXtwV4SCsoDAK4nsTEWXhc29pEwBHK
Ade,aboik9w@mediafire.com,$2a$04$/MEaKcH3UyLF2YTsP4Zpj.SYw/1ilLgeJ9OuFIQhrG2GZNlbtwWbe
Dari,dcrawforth9x@google.co.jp,$2a$04$Js8ihInL9t0iyjNEKsONZePCI7vuaTHMZUD4udEF3RWpYcfryLbl.
Sada,scabotto9y@dyndns.org,$2a$04$JoD.hBHHGBEtCNvuzpwAJ.Vp7wPaRYHdHwfyL0jR.tZY7TOKKQHkm
Lydon,lbreckin9z@seesaa.net,$2a$04$dynVcbZsriCPFKu3jfM92eujEooofvU86QpCz4zUtyWL97z3TzzSu
Hadleigh,hgosselina0@webmd.com,$2a$04$W0Bh9I2JuvG2cN7.4yHUaOLCcwZJhUdqsYTMJ7xGqYE1hCZhtHfdi
Constantia,cfidilisa1@github.io,$2a$04$WYSBR6B5BQcWUJu3rfAGS.UlKXungMm78rxA9Iqzr3SX911g8GmWS
Raimund,rdota2@scientificamerican.com,$2a$04$5NXhRAww33mtnL85GsgiL.Xwfm6MQdIxXu.zlzdIHG0JuyLd.WVfy
Gaelan,gtowea3@prnewswire.com,$2a$04$op2ZxGY8enWMmbHQ4rb04.TlpRHOnkc3HybvFDQYPexKkBf5sZ5uu
Augy,abarneta4@multiply.com,$2a$04$jejuddd9H5lMc5RidS.92u14W3xkJccmrGkgmXOs/920ehChL81V2
Nobie,ndranea5@howstuffworks.com,$2a$04$/U6oZlm3DrcsTk4FZ8QOaOrBLzv5y4jbm4N5lAFdhlvZ2APLYiRAq
Joan,jyitzovicza6@stanford.edu,$2a$04$pDK1EXCjIGP0.j7j8atr3.tjAkZoIM8w8cyFfc32cLPylx4l2S2cu
Kayla,kgalbraitha7@nydailynews.com,$2a$04$5NWKHO0T2mALvAO051LBuuHmzCkceKw7V.shoqoc206sMaDS6Hdi2
Nicola,ntaggertya8@behance.net,$2a$04$j4K6RMlgSA.WgZisrZVdd.A9/L906knl5gN2W00qGXppXIImYp4qO
Aleta,alacea9@businessweek.com,$2a$04$9YnCnrzKGJ.phYM.CiOuG.C680r9gTcXPAC/W6CDsd1dcV8.Mj2Ny
Mandy,mprovestaa@alexa.com,$2a$04$HqXZxs4RdhCiO06N.olaQOKpYoFq8eLO8Ujz4EvK0/2P1KGweeMJ6
Kameko,kabbottsab@sakura.ne.jp,$2a$04$Sarwn6yE/qRFBKBSRvk2pOY2FyGA.BBgWHvL8ihlDUml3owF0RsIm
Aggy,ayellopac@opera.com,$2a$04$g8W62ZStgA6UxiPXnUWSxe58AExtoRohq0gixka4bhtg0P1Tt5J2W
Roslyn,rnyssenad@livejournal.com,$2a$04$NsX0LPJnQ4W/dBxabRswpOPghdBA17zzeVVOZC69.QA60F.DOBw9W
Reade,rkimmae@sakura.ne.jp,$2a$04$4o1M4AaLu91mxAlznNAuEu7f9.dGUB3zTP6WZ1warklbG2VfIgCNK
Rebbecca,rdimmeraf@apple.com,$2a$04$3fp0AlsxUcwfZL/gzmRgzeoBCrLP.pYBdNTQCx5DWhX9fDKenVy1W
Link,lkrugmannag@w3.org,$2a$04$xdDDUnUt.zJR93cIyqOT0utkfL9N8K.nBHj2.7IoCFnKMrATSdWsC
Arlyn,abohjeah@un.org,$2a$04$gl4XS.KD9OgRiKbvE2SCs.99i9mlZT0fT9VhoOTK/e1YtdQ4Y/z/G
Karla,kvanhaultai@smugmug.com,$2a$04$2j/8ccVg.hInVE0Rae.f3OLAK4KJ9eBbavBB0xCcPiYE1kHjF5u.S
Merle,mmcfallaj@arizona.edu,$2a$04$Imi/ewMWAhC5Aa3G2A8zJeCpUl2OzofnGRb28EnmudMykbE4MBKbW
Brandise,burlingak@economist.com,$2a$04$Ddx2fp2cfa62cy7VPv3hxuexA/Fww5bgk782ZLHdfif9Yr4lNgnPi
Mareah,mocurranal@patch.com,$2a$04$cIaoBeLk6dMub0y3./P2.OT98k.tpHzXZUs0i9/bjrcNai5QC7tpm
Diannne,dbaccusam@vistaprint.com,$2a$04$8gaYeYK8veQfT5sKnLR6D.xL8vlTiskAoA4dbdejwVUO5K/7nOeU.
Maxie,msutherdenan@fastcompany.com,$2a$04$1s07wYa8HI6lUpRfqE8ZYuASdViBnh0N/q9U0X5qZUbc5fghubZDq
Odille,omckleodao@berkeley.edu,$2a$04$2W12oEArMqBT9tzCXsf/beVoddzPt7FIA3RQKqBhOX0ezZwH0zU6.
Doralynne,dwellenap@flavors.me,$2a$04$Niatpvj9qZme5G/lj2UscuPH4JqZIkULy3Wako5yiAGRMM0uAF66q
Galven,gsalsburyaq@thetimes.co.uk,$2a$04$OYRSObRUCBXfI.srJ6HGr.56irbnzhBvFRTspdmqkA4PySSWjT9Ja
Jackie,jariesar@npr.org,$2a$04$BzGVrldorg7ZyYvBpNx3qO/uQ8maHV64o1t8UiupikfbvZ7nQSVpy
Harrison,hgisburnas@t-online.de,$2a$04$17EW/nCFwdgbZ3XSnU1xOu0s6EkF10m1a7ASX6xGLQSJHP8mt4Yh6
Dahlia,dsegoeat@independent.co.uk,$2a$04$VdYtfun9N8QB9x0Pfv8fEeyn4ZM4B7knOqlrFBRHzccc64U4JT.wG
Zulema,zmoreinuau@multiply.com,$2a$04$NrWQAwPWPCpPpS2cK51L3.yUPjNxu9aIRgZO1D16CehrPcIywFIJm
Harrison,hdechelleav@mapquest.com,$2a$04$SF2DDNpwyoAVMpTdXoZn/.RUPmr.GwqJ8s6bC8aUDRAKupxwUyZ/y
Ramona,rbitchenoaw@angelfire.com,$2a$04$CjAdfr6PKj7bLueXFUr2E.galu3H2S.CZsTxuMGVWspBGM5VDF28G
Bernardine,bhawkeax@instagram.com,$2a$04$.WcXqdEegZ6cTpySmXpezufhj7Y5RGN1k2igfgY7SdiRBiikIJE9.
Corabel,cgorthyay@taobao.com,$2a$04$CqYReUKJ9EVPnBRconqP8uxvQFg4wWSynVnyfDtqzzM1Fx4ieU1OC
Trumann,tgaynesaz@sfgate.com,$2a$04$hB3vUl.lLtHybrvv4vuOreYnpaYUj9Zm4qUP4SYzdy2CV0372ZtwK
Jacquenette,jwysomeb0@yolasite.com,$2a$04$qbhHceulp4zP.fLzhaGG4eAmlzzpk1ozG1zJfnooV/.bbuTK0Cyb6
Muffin,mvaliantb1@oracle.com,$2a$04$hLtkZyog5C42d5gzjleztuqGPywp2.W9fv.UaqPvZd8aRm4BSeH0G
Blaine,blemanb2@umn.edu,$2a$04$Ej3ygc6r8HRlG4IuVUjN2.nCXdZYo4kvC9LCiGKrxoBPkrwWs3mJq
Veronique,vutleyb3@cbslocal.com,$2a$04$q4wLFcEaF0v7QYvxIIlbPeZSl8E9BTnsmpkqNkD3zFhu7lJ7VQbv.
Sebastian,swaytb4@about.me,$2a$04$ZRdEULikcujq/ZDp42CfxOvrczGVoLx1aOLUSJ6i/W5zNQ8JpPNcO
Park,pbendanb5@purevolume.com,$2a$04$NZmS2Mlc3WhB8c4PNUcT3.kYfAS2FvTCjSStbphx8kRFADw0h0c1C
Dorine,dlindsleyb6@deviantart.com,$2a$04$LaXrTs8xACXGkWoUrZdRLuAxpgv2/pg8igZ7PPGf22soUOQvVxOT6
Chucho,clattimoreb7@bluehost.com,$2a$04$8eUzZNgoNBYXxyM8oZJrpeI87XlRzHuF6AKrs5Lf57fgzjKY4PNc6
Willetta,wmerrimentb8@joomla.org,$2a$04$8VA195pE7MvfSJdQrk0GaOs/RYLT15NzXhCHx0WSyL0NgPCrevtle
Kip,kshetliffb9@aboutads.info,$2a$04$6LeZDvwnOQarldeh3xCdy.EJIiHgY8B6NpMb2Gj8Y4pCqLFroE3XK
Tara,tbadgersba@cdbaby.com,$2a$04$32AeoX8VfQxdhXjW/QdWXOq2vD5IuMR79OdvMrsgCCs67q9IgDFS2
Barnard,bblenkinbb@yandex.ru,$2a$04$xWLRdbxUw6MTNaOUjpg7luGv74O5Jz6G/xqQWdnsc3aUR7RBY9J7W
Micky,mmacpikebc@jiathis.com,$2a$04$XvdDnYil/JEt2o9b.NCfve6HgM1VB2frBMmdbM6OfblQcVU1n867i
Yoko,yhaniganbd@oaic.gov.au,$2a$04$Rd67ftYYIANRyygsQ0Y4Se03gcI4GIeVJ/x2VgnixLBEhHt8481Yq
Lalo,lachurchbe@photobucket.com,$2a$04$acd.IPtkxpIB21P0Ob0ybe5ylYuuk7j0jmpbAPyYL5qKMqP2llyyK
Domingo,daylmorebf@nyu.edu,$2a$04$S3bO6m8043xESzNX2FD5eeUHv6LX2oz27r6/ZU9.F4OSKHMYMwtKS
Kacie,kthrippbg@nba.com,$2a$04$czLYqeb4FTbi1.huVrXLneND4nUFS9u2FAG7P.Ckcl4qo7kdIhc4.
Arlin,arotherybh@utexas.edu,$2a$04$hvzKZfNoafig2.1mgn5Wmepxw.15hgylAQo211Y5QfrIa8oV62mty
Melanie,mlambertzbi@illinois.edu,$2a$04$NJFAgrxpSgyVn1iVqkSZdeugNvSW/P/35qAbzT1B2QMWzS2wor6Ve
Ardenia,asimchenkobj@booking.com,$2a$04$EW3Hgz7Sq08weGaLNmclKOTY3kv6DLvGE3RhomhTIet682d9lljsm
Clem,cpinebk@csmonitor.com,$2a$04$XA3brATuURlP4Cgmj4BcoOzU8.7Zne69uyFy..KTjaR0wMGaG.oRS
Stanton,sbalkbl@weebly.com,$2a$04$u61Ve3jsdJBezLfMLsKWFeFG0Pt8s5hRHL7gub.iBEzbsn3QMT29G
Agata,afearneleybm@nih.gov,$2a$04$0Q7yZOKHzH7ArB9oObMl4ee2P0iEY6/6dC6.I8ZfZFlBKA.rk.yAe
Ashlin,arollingsbn@wordpress.com,$2a$04$RNoqoRIOyCbqkudyTUItQe98fu5.pfbXIKs5aNonKVCIr3FM6S53y
Angeline,aakriggbo@patch.com,$2a$04$3gXVNjJyVCFwnpY0Aemyuudac0LkJXVKhkANkjhAoLeRH3NYQsus6
Allx,abernadotbp@pagesperso-orange.fr,$2a$04$EQoSFetn9/m454.bVjFeVuK/wuQYqTtjmxaMGnSdCSd.mS6ChS9Vm
Nappie,nnorquoybq@fema.gov,$2a$04$5dOL6ljAt2xltIaqFNYwRuEb.itw4dmYZRe0tofuESrCOnEeYHoqW
Esteban,egethynbr@toplist.cz,$2a$04$.FkBT5XkDToqgXf6LhtJ/.sC7q.GYC5Ls4csjMVjlvhyaTxVKVtLe
Leroy,loddabs@a8.net,$2a$04$O4WH7XytsZmDqCAX3EDAleoU5h8K9QervU9MBODj3jdc4sBI/DiNq
Shari,sgainsburghbt@about.me,$2a$04$KoPKtFtZKRKrW0x7dydSUu.4EjyI8FgB3yIlPIrbnlUAhxr9wUta6
Maryjo,mparsonagebu@studiopress.com,$2a$04$vfMDWq4Sspgn1uA9vjR.Aukt/x6akIWedGIwk9zoHS0jIKeGj376O
Thornton,teblebv@imdb.com,$2a$04$cuU.LCHH7ar5D0ly8HxM2eTCfmkcGfi8Vu.6MzcTGaacE9XumxZf.
Junina,jpiersebw@tiny.cc,$2a$04$yK0sblkS0F1FOJp0IQvaIeNxDAAv7nz7duNp5XZGApEVdnBVL9L06
Denise,dduferiebx@blogger.com,$2a$04$tr1snaiwHQQ9LC1dHeRBL.w4VwtdvJQg0cN9fHToRjOQZTnUyv1Ju
Seamus,sdrynanby@barnesandnoble.com,$2a$04$3lGyTknEiOO52WiFKeFDy.y1F5KVMyoVBPMyh9CRybm9bYa6PNgkO
Margaux,mrampleebz@liveinternet.ru,$2a$04$ESQTpyQXS0pewAPrvfxmIuoM6v4QbbT8NClRWn6SGemx/tX6pI4yi
Fernanda,frubinlichtc0@artisteer.com,$2a$04$B5B7zUEEZvps63pbpsNhH.mDJBfwHCpTtX3h.yYnVs9fImrEit6lO
Audie,agoscombc1@quantcast.com,$2a$04$9981F6lFAISRl8VLRDTKf.Kba05q.vkC44Lzc9suQ7R3k7SLrlPGe
Stillman,sdevinc2@exblog.jp,$2a$04$aQLe824vI3uEnUF9nvFW3.mR5crD/no3r1w96AdOJJRFXHobXhydu
Lana,lkestinc3@yolasite.com,$2a$04$8gNE2KMtwM6hONwix040qebiFYa6RxY53C7h3JF67xV.9lwCTamk.
Reg,rholsteinc4@people.com.cn,$2a$04$i.odqG0tnREAa5KS3pQ5Z.nAdlWffNLiuVHTu9h9fEuQvD4s2pcLu
Stevie,scantoc5@shop-pro.jp,$2a$04$/G1dUsKR7py8bYFHkmblgeNnuUcMIlxXxwGcwy5FC24q3VyZiryTC
Madel,mmccombc6@qq.com,$2a$04$shA0CPJU26/fjvIUOZvmNOpI9y8NeTzJULt83gvzkTWnACd0zjZWa
Grissel,ggrowcockc7@bbc.co.uk,$2a$04$nbYoC5K.h5TRtkpRhUkD8.9Ia2.91USbm/rGDkdrDK1.oXy/0T5RS
Reamonn,rdickonc8@istockphoto.com,$2a$04$gKf8ysdu1asC75.4ltRHaO3RCRIkCotg09GCRVsrWKYrVM7rOK/oq
Aaron,aparkhousec9@bing.com,$2a$04$UNoMSv/MslX64S5tsbj5Xu.VwbqAlCRX/IYMHma0Idsl5jaZdmkGy
Kippie,kurpethca@sakura.ne.jp,$2a$04$Wg3Cqvr3PZeyra6ENqAVhe5pTPvhZ6GE1MU.gHLP3CVDmTvvIyUyC
Eugene,edematteicb@blog.com,$2a$04$u6AqxTf1sWg22/BON0P.u.ZfeaYlPuHl1ltKKiUjil/7WRhWJBCO6
Etty,ebitchenocc@canalblog.com,$2a$04$rwQsSZf.2wWJsHdkSarMMeJPT6TjhWT.XlQaChFf6XEFXzaZ/Z7HK
Annmarie,atampincd@simplemachines.org,$2a$04$Q7.uWN9rSKmrUinri.xAoOX5kWozhcPkP6Uf/LUIVnDpPihv28GQq
Marice,mplankece@miitbeian.gov.cn,$2a$04$8qFz5nB4s/iGKO7pMWwX/OzFG1mWV2GZlV0UPapo2kTQ0JLYdYXkK
Chadd,cdaenscf@berkeley.edu,$2a$04$0tIW5offwsQhHjIlizRLounDCU2Q22yAfSMA0iIxnRCX1DKQe42Pa
Roch,rnoriegacg@posterous.com,$2a$04$VksVgD0nVXufLfLPuHVkvugXS7xBeTeRuwlqTQtJjpv.WiWhXGqjy
Thain,tsevillech@biblegateway.com,$2a$04$49EfPtacsl2hUxedwn06ZuhfCODawdRwaykbIj50FT1qe9dnHE3Ly
Lorne,lpiensci@com.com,$2a$04$cORKOKtwUj2kxI3JBLvc7uTDdkDTZzZL2EcbvBsCST2ujRHOjNCim
Israel,ibakstercj@ask.com,$2a$04$JHqrUBfKhKmaE.lb3Ot88.nQPfIm3qtUy0omLNy97ovou0deutzuu
Christean,ctrippackck@comsenz.com,$2a$04$mWI6H4HCTTdmrs..5u6Pte40m.5xGlr4nOBVtRKuIAvkMPFwGOB7G
Susette,smakeycl@unicef.org,$2a$04$b39Ukoc5CPDsf4fsuiK.p.BjV9Qo2VzzR8Hv.fXZfUlKzHafrkvKq
Verina,vmiliffecm@digg.com,$2a$04$czOa6EB3pgsyDypdXK2zK./ZoPAceMVvsKFz27cGTBSk.7zP.SGZe
Raul,rpraycn@bing.com,$2a$04$m2qHB8Yh1aTs/29/PfmNh.p.N0Bq26.708IEbJklTzcEz7bdRndRy
Gilles,gworvellco@livejournal.com,$2a$04$x0VlO1gASTot4J4QoVB6WewYqrZv2aVmzdhK/omKm0NTZQDOJ8sbu
Ashil,alockhurstcp@sogou.com,$2a$04$x62iv7Xp1iJmRmzYcSEqD.o3o2Neps8u3ITDBHNxWy6WKHgh5Y23u
Donica,dhurrioncq@ifeng.com,$2a$04$ibJR4FV6yVThMWK83iYrje5lYrhCMReJCDuzkAFk8Z.Q2TSVmjg/S
Siffre,shadfieldcr@hubpages.com,$2a$04$DAn/MujZx0fszGe.ftnIE.bCaPWUm6tyNONOp7/V33BbHJxybuDmq
Vernen,vramagecs@cdc.gov,$2a$04$gzF9Gy6HJUWBjbr8P4QCpueP9/QAxry8hiy1OrW6sbw2Skt1nxGUK
Aubree,aclappct@friendfeed.com,$2a$04$GASpcXrYeZ2rDU69d97naOuunIQ5OE1QeDuRgUqf2nl.N1RuUgZp6
Susi,strowlecu@wsj.com,$2a$04$a0P/K6LrYS7cX10WoVSoJes8gIGg78tIb.OiWZvGT4jEm0706DfXm
Candi,cchanderscv@cisco.com,$2a$04$R9DzJ5g1YuJ.oXeIJwXOtOPlzpzQXWvxbZkbRT3oFn2WJzUlS2Qn6
Connie,cleverettecw@amazon.com,$2a$04$mvHhU3C6KeJitby4KQVf/e/BEqZ6JIb4rLLnvAQWUrCNdDw4FDTWS
Marchelle,movernellcx@dedecms.com,$2a$04$vS/P5GTkEp5UuLYayuv4d.0jk3s8yg8jkGueAadJN7NOQXxCk43jK
Gayle,gclariscy@earthlink.net,$2a$04$D8mG4i0xkzMcsk2x.FEK3OCMBKEREedLlFNmtekGSse1BhzewOVbu
Lexine,lchrippescz@quantcast.com,$2a$04$PxvOgt.BpkBhk33CHGkvwOQCCV1yIbFxOXAqqRK83PQjR2LzApyze
Pamella,pflamentd0@ibm.com,$2a$04$/GQ3AeZhDV3V2HXr8NpnsOTAxV.ZcKmpoiGXlblUa9bpqptmNPWDW
Nobe,nrevelled1@nbcnews.com,$2a$04$1NXa1/FTluWNl0Lp.UNAzeqBtii/vsv7uB6dSTTVvUZ2D0m.7kUVe
Chrissie,cpakesd2@behance.net,$2a$04$uDQynb0957xDgyo0nxN5bO4oPra59cxtFyji4.yVUTJO1hF7spHSa
Dorine,dkraftd3@xinhuanet.com,$2a$04$q4/ktwDDaShGC7HPSq2qHu4NRIZhdWKZQUiXrqxE848dnGkGvOOBW
Clint,ccasserleyd4@artisteer.com,$2a$04$T7rkXWwtd9dDOJ8BCA5z5eV3fz0dCyRytphgGKxEVsvRq5NTlEe7K
Van,vandreuccid5@t.co,$2a$04$0TSct.6.7uVVVr4LvZkGnuxAtQhAnQdA0xX1fa0WgZfRkOCyhHiY6
Corabel,cnunnerleyd6@dailymail.co.uk,$2a$04$9VbigIbIHZ2/VY36wSLjluvmtnI.ygYE6zFFlJH15IegAtr9yrnL6
Binnie,btizzardd7@istockphoto.com,$2a$04$hY2paOi6gExl2WY0HwRU/uESW7NVif5Z0sk.9YWchZE5xS2lJvUsq
Mordecai,mdargued8@mysql.com,$2a$04$wKdyz9xKBpT4GhdkgwqTd.RDrO9QaA0I1jGPWOyuZxhPeNrPqx7ie
Carlyn,candersond9@instagram.com,$2a$04$Nrd4jC/1cGHmCC/0ojzbU.71ODBD5wED29SP.KZJhs4Q77nBZzpU2
Andrej,awortmanda@quantcast.com,$2a$04$klcuKj5q.QfDpqhh/uCM9Oe0htuEXzXwSlK08gInKmkQq7sA6qjz2
Sanderson,sasplendb@ning.com,$2a$04$PJKjXkenrGSeyZ6Je4nnju9PrbeaIn1OcS6q1ealNzv3yiVSP1LD.
Verina,vcordierdc@xinhuanet.com,$2a$04$YCyRpCxqx43ou2qMWV4w9uvlsezdHJvhLTZcBgvO5lX2mn55yzVDG
Carolina,csummerelldd@merriam-webster.com,$2a$04$sGJX.PUgEm2TrlkP/po5LuSDbytvb3Sf7dsTCRryTm9.dsfTqCBJ.
Sholom,santoinetde@ftc.gov,$2a$04$hyZ9LIQW4d7P/Dt/scTL4e2tlsaOGVcijLSHgyOpHIsixxGxg8HaK
Lief,lgoodissondf@java.com,$2a$04$qDWo4GorAoLiQugCtaUBaeRr/E1dGggOAyZwYf3tenNuFAPrBd1i6
Adele,aworlanddg@reddit.com,$2a$04$pz0Tbzds68kdETqbTdVAxOCpdD3QcAkv2XQ/T6Bdv5u.AEsSXDKjW
Tierney,tvandersondh@trellian.com,$2a$04$LkajFaIH/W1m8jgFmi1ZwOWK8JFC6S3A9tobWLLrbN0a3HGwmYjIu
Marge,mellingsdi@omniture.com,$2a$04$dROrqTNwBMyM347sjFqL7eo3eB1A8aSN3z8W8BY9v9wP50XyB1M7G
Clemmy,ccradduckdj@chronoengine.com,$2a$04$9uSeakWsOwgFvkU4lVdlneCXYkEEO5qX.ThzmnNonx8x40btfLye6
Mic,mzamoranodk@wix.com,$2a$04$mjtBpWZyVARLQKOmTOyfWu9m4on0oHYnUWaqiEsmfGobFoGfXPcc6
Chilton,cwarbysdl@sciencedaily.com,$2a$04$itoxl6a5JcQDJVD7uMof2u0nxyPCnwfAPDEDl5r7sAskxoJiYBdr.
Christy,coverydm@netvibes.com,$2a$04$FQLyXA9OxftnrBWyfqNqiuf6.Bro2o/16iyN04s1qLWTbYcMdz2/G
Monte,mscoynedn@opera.com,$2a$04$3zeHMwgGIXfaGDxqxgYpEeA67QV4ZQOL7If.8.jbBXkKDP0cgnv4q
Levy,ltiernando@abc.net.au,$2a$04$VMMn8gY6txDGxpwM0gGQDuIbtNflXJfA1VJAdJkQgjc9qsly858qm
Lucita,lgearingdp@canalblog.com,$2a$04$Pyaz48OY3LKoR2axles6AORVPf22UT6z45iMpJAknhnSbjL4z/Hwe
Padget,ppiscopodq@gravatar.com,$2a$04$vd4XuITfA0cQxOi8MFcNb.bSdHTMOhRfXCxykBMZyJXKJ22O.luA.
Gabriellia,gmatijevicdr@elegantthemes.com,$2a$04$RZ2BV5gXUbVv4lR9LNkkMuOOQerheHX620UNt85f3OFukaKpj4Jai
Gavrielle,gpaddockds@youtu.be,$2a$04$pzmVM7SeeBzxOJG817jWguzH61W2A8PYz3.LJ8Khs/mWjqDxNoDNK
Katuscha,kpessoltdt@foxnews.com,$2a$04$QTOwb/exbwvIgRcQv6l0V.kcylWteGk4vGj95OGP4F1JSjQGCz6ZO
Mikol,mgrevesondu@clickbank.net,$2a$04$1/WsSNYQrccz6Ho8neyPNuisvnKOMhEn/o3zOHMXEY5g1/zyPHMl2
Lauren,lrawcliffedv@hugedomains.com,$2a$04$ySB3VEzCXfNttN4xSmCSLOYNm0TdfP1B/i6u7b3pRVC3PYFM0IdDe
Fonzie,fnapoleonedw@cocolog-nifty.com,$2a$04$lJQ3wXKHDScXSeehIC.R1eRshnZcXDsIFI2wVsAhRP0KzAJedyBGy
Michaelina,mveregandx@chron.com,$2a$04$RIgSs7N8JsInRW7AJF.cne4.FwTDsCixL477pzGku5SMc/3kTvXQi
Codie,ckeenerdy@comcast.net,$2a$04$YvY8/MAVbGGrGvspfxHfP.46RE43gtgBVlxEiY7GRaKan/k9EU6/C
Gena,gfaudriedz@ox.ac.uk,$2a$04$w.sYJTC6sAH3m5kYsn.HBe5VEvbVLek3kucjKBv1Jsf4xnZCRl0yK
Alikee,agoodericke0@usgs.gov,$2a$04$KcVhF/MSTA.sO5e8C9fFYuXSmR0XmrDT4xUABqT1V/aXOK7Mo3KAm
Twila,tdowngatee1@webnode.com,$2a$04$hjlJQ7kwXVHurKI5hREPh.kuAvHDqOyWzUltA.JPrmbncJFDuKPQK
Clem,cchaneye2@berkeley.edu,$2a$04$AO9yYyUIwu3odsLlVrHDQ.xM63awVFnVWZqxImmAC9hkYy3hX.Kga
Avram,aellermane3@yelp.com,$2a$04$HFKI1sYAaSkRZqUNSwV7cewSrwfcxpIjQTIZb9DajKMXmLj3fH6Dm
Amalea,abonnefine4@tamu.edu,$2a$04$hrh5Oy7EMIUMceK9iaLbY.cKdq5jfmHdLPAjkqh9zruKCzitcOX0.
Desmund,doggere5@java.com,$2a$04$uHh7mTn0LEsPO8XfLpWnYOM4u/hAAwYhv2sC7e9Hhkc.Lx3jX.3sy
Michelina,moulette6@google.nl,$2a$04$0YP9wKRGc2PdAGjXqsGBueIGIeZKwh6dBbOLPLaKjXl8aiVMVeR0K
Annis,agillesone7@bizjournals.com,$2a$04$mu1IKOHf9NAalDin4DmeReWVUXmUQdChJX8xFp98Wyx7h3lCTZmwm
Zabrina,zbaldie8@fda.gov,$2a$04$8W902NmP8e/SRHVwzoKuZOgrBXxP4umoULH1veNYThcSuanrjZOum
Renie,rbasshame9@vistaprint.com,$2a$04$.pGG7QmqUbCYPMRiZKqk9ua8qwhz5UW7X4l.a8vPH.SfwpFltnkmW
Mano,mhulcoopea@ibm.com,$2a$04$3idASZyLxbW0BHXq1eHUMOzOmqvYFk07TKgowkoTilM2aZcPJGrIC
Ruddie,rsibborneb@epa.gov,$2a$04$DHY9mVfO/eP2FG4T09W/ouXCfBgbl8qx8KMNpPE9dCwP9rRRsRO32
Lockwood,lventonec@fastcompany.com,$2a$04$gS2b4G8lgbkTQ8.0DgEhpe26JO16XdIFuT3Ck/N8S90mpvHvsgTk.
Tab,tcorteised@ibm.com,$2a$04$Y4g9OQJCuYQ4r.kxaQYE0OinbzZvTnQLyufBaVIGAvaiEY6oDeYYm
Timothea,tluxfordee@ox.ac.uk,$2a$04$.8HP7bwXXOW0/3hEMJCxzega2ZlITMIZltQR/n3xPVOuloA5JtdTa
Julianna,jnooreef@bloglines.com,$2a$04$IcpNaJfcTD1gd6HkMLZEhOI.TMTLFhpztU0mlSUfOZdOqMcqd7tgS
Shell,sceasereg@symantec.com,$2a$04$mIKxirOcyaFwHx7h7CBJIui5vEjjQaxq08nzlWWpV5im5HWKdcl3O
Tony,tmishoweh@histats.com,$2a$04$t73VWJOoLqSRfa7fb4gbHOgj..CycGeptZ3WUbCQzCtje7cxlrSiu
Artemas,akirtonei@deviantart.com,$2a$04$abrFNOf3mTAD5XAoktDjpOKunzcUKcsXWGTx055pqQy1xPRZ2m/9u
Putnem,pbrighteyej@nyu.edu,$2a$04$BoqhREagBiUryKi/NntkMu6BbLKT1CfM9aqBLLVtH3tgoPNlF8wC2
Gonzalo,gtilzeyek@google.es,$2a$04$a1FuP4azSr/vTewAysvGJeXF.nU8QrLVuSJrKRdDGyO4K9F1VWrIm
Evie,echadwyckel@chronoengine.com,$2a$04$QEazqAnzDZ7J0wLhJWoXJuhzqMXq4wiwys.fugjp4hBxGM.fAGr7y
Juliet,jdaintryem@ucsd.edu,$2a$04$qg0Pkh24xrvreLc47jxq2enm6JHyFIXRNaSOHwFPyP1WcxTL6qLji
Vin,vbassinghamen@ifeng.com,$2a$04$U7OO0aFEXDxca9QmTeO0HeG6guKsLMf2hFwvUz5vSrD.ZJ2VcM5Te
Conny,cwelmaneo@nydailynews.com,$2a$04$TQnMcp1zhBdaZ0M6xIYklO0wHHEsGyVLZl.tvHm6417xBtPrdqUsm
Aharon,acordreyep@squidoo.com,$2a$04$8YhNMNACNufQMdNedJD.U.IsD63phc5yZx5.1UpYpTFbdhkEpxX82
Mayne,mopdenorteq@seesaa.net,$2a$04$e.aeUz7P4pyqYWy2JfxzBOtFecnfhcnNR38XKdW.NglzhcDwjfAua
Baryram,bpeater@aol.com,$2a$04$9EW1uFCBmHeb74slXnrS/ufZW.YfKayMw9b9Yj.hnv0B7Nrm5qoCe
Kial,kplowses@mit.edu,$2a$04$Vmz7JXIyR2cqBnZd2XP62ulDGW2xp9/ByAQ.xJneAQ8bTlI3ese9W
Abbye,amccrannet@java.com,$2a$04$gEpNxqPbzeBpGvCkLPbhyuMa9LD7Nsv7FCjlb5sYX3phjG11juFnO
Ali,asoonhouseeu@imgur.com,$2a$04$UfZsfRLJB4Uoaerj6NJ/F.o0q5Q/BZwIPokyJ6ITuMvSm9ezkfERm
Harriet,hcleenev@netscape.com,$2a$04$qngHoc2hjco8sUZnscYOMepyGD.mNG2ZsJzjAu8OSnK7w9YPXw.e.
Diane,dbarajazew@mac.com,$2a$04$/wEQqHhKnhUkJmy6GEolnOQq8bwjya/rb.JHA4rS4/ONaDt1SWChe
Debera,dheadlandex@berkeley.edu,$2a$04$hiKYGadIXVYdTy.Zbd/PwO5lPrFJp26ma9QLQPl2z1dcUzHjYuQrK
Chryste,crowselley@merriam-webster.com,$2a$04$PGD.A2YXIRTRh5rY4s1WdOkm54EkdnqkkdUyO6frArTbGcTgbqO6e
Carlo,cburkeez@ucoz.com,$2a$04$O0Ww82jQLly/BY59dJvlReEyRXOkktpaRzvd9xUPSkcCOHgGSk3Z6
Tomlin,tfleyf0@netvibes.com,$2a$04$fresEY4zBRt4TdlS47rhEObiuhbRquoZ2mnYisc/D8Ze.80y8ebZW
Selestina,shalliburtonf1@xrea.com,$2a$04$vcD7xMKpTiTsRErJOhCIUujEhSIgXoi9IE8nTWtwlY71gDOPfRsoa
Feliza,fkensholef2@pagesperso-orange.fr,$2a$04$.bBw.TLY58/rFmb4XJc3Suu0qWgXE8BagVkkPmETOskeOtaKoIMoy
Miranda,mchrystalf3@w3.org,$2a$04$OxpRokqV.Y/PMnQJLwEK3umy94bAlEWBHAMc7i9dLFBiuqnOQ76Am
Audrye,aspareyf4@illinois.edu,$2a$04$LoqJgB7wAeNpGkgzPXADauXFG3tO3RXVvbFlc5ia0Q5jjC1X/wrOC
Winthrop,wrattenburyf5@liveinternet.ru,$2a$04$mBjvz.Au73xWzJ9Sfd/oI./qwZ8pfKKvl6m48ppwUSFE5SxCMRRSW
Lorry,lbadseyf6@icq.com,$2a$04$rw/kZ82fh.fOlyOGWDS6iuttSfzdiTu6QBrFYazY4d7W0hRGt55k6
Kalindi,kfraylingf7@infoseek.co.jp,$2a$04$s5.1wZOU.egBAdPT3WoM.eu5.e.3rOY9xhRhsFR7oa0aZqLhPVfBu
Leena,lcriagf8@youtube.com,$2a$04$Ips8yGML8m5sUM/QJ64v2uXtJoRDYJggqgQ0BH.ojOFUpqkt8DdTe
Tadd,tgallichanf9@example.com,$2a$04$vtsukGXjLEUmDw70M2KkyOR5tfbUiMniHvRMnriy1HOXnnN4zYIAK
Selene,soubridgefa@nature.com,$2a$04$RC6cTkZTGAWqFN3r62eJk.4O1BQKcFy50r3x31WRZhh7XrLDcsfpq
Leandra,lmetzigfb@addtoany.com,$2a$04$dJLQcG5npJshSexmenYJUe03W3uKpmXHe8RsEKRidqTd7r.DyIqXO
Jarrod,jstanyforthfc@independent.co.uk,$2a$04$n8dm/3AHluV7kqomRUC3mum6.qf5jx1hrDNCQ0WjilapGQFB9bHG.
Emile,ecravenfd@cmu.edu,$2a$04$mW26KN650XiqzZfNtpd9LO46QtGL6oi38uPx.gxARmZMxk3yJ1Lv6
Scotti,sgroomebridgefe@gizmodo.com,$2a$04$qOBXgEc7ka3fGYy8HMIwM.xy7orDGfrgal3kICjgOTO3EVndeDJq6
Monique,mcorneyff@de.vu,$2a$04$MKVLuJx.eVy9gfTYwEbMU.Y1AZiiIKm.oaH37a5kZEap9kLW1ibBa
Agretha,aigofg@ca.gov,$2a$04$e6GqcbOjPgOeq9mmYSA6XOdyO5R9xF8/dYkD.HoZEnqFQ.kLAic4y
Neils,nviscofh@indiatimes.com,$2a$04$CjSzsmJWRRWVNQeDHSjhf.XEIsA9fID3psQ9HvG0Ca4IaL82pSyW2
Paloma,pmcgawnfi@mashable.com,$2a$04$V6aoBqP7e0PPcn13BBaQJ.plHq4G8T1xzpn/73MPqdfMdgcXmgTKO
Axe,agenningsfj@discuz.net,$2a$04$5cyuWpC8Py.zw5mW3csRPeZjwRPI9N5bVXCU/zOgmVHEV114HL5T2
Modestine,mwhittockfk@flavors.me,$2a$04$MFu3RyaBT5mhFZQDJ/zp8uI5gA7OH7xh4qS7owMARi12OJqNmIEs6
Rey,rtupperfl@pagesperso-orange.fr,$2a$04$R1OYhgt93EfZKTuYi4iiLu2aGzG/Gg/zrLP6yQVaj8Q/yRFlpWOPK
Ryley,rnormadellfm@angelfire.com,$2a$04$v26mPmLDxW.OJZYt78wzCO3RG1iSnMo57SNWLonxhrrWodHIhbX6W
Joachim,jmaffettifn@jimdo.com,$2a$04$aQp0ioJRGjv7tEYH34ZJ1OvIMyBs6sNwdfZYoOkM9QRJNCHw8vLPC
Bobine,bverbeekfo@sfgate.com,$2a$04$iGLycpmLkho9BrFUbouB.ODp1nW/S1IbdF5BeHTITNxqVKmg2x262
Padraig,pgooderridgefp@amazon.co.jp,$2a$04$AOWpF7HsRgP6OLOwHhayr.zvH0z3uOfTjAxal0yQuw/eFmAPIZuPC
Ursa,ubalshenfq@answers.com,$2a$04$zpmMxBeYKDokn8jiDwimROrfr/RD1FOUkWb3IEa.KzPycdi0kgCfO
Meara,mcoodefr@mit.edu,$2a$04$BJND4PmL4vONn7vP/q6k..dIm3uBBfbu7oY5EN04QrvhIw72luKB6
Ardyce,acotsfordfs@sun.com,$2a$04$finlvZJDFvyPA/rI2/zOE.HX5PybbM7g8Vfi2CcUtpjtpnV7jzqAC
Bryanty,bstronoughft@networksolutions.com,$2a$04$0hqOzokGhttLHkfV3eNtleczvpfSekLU6oW/4HY7XgB3xvni5tLgm
Hamlin,hphilcoxfu@last.fm,$2a$04$4HIMtmdh7PsrtFFG70/ZnecCDF1rkFBAcevkIT6K.NZGUNS64Ork6
Phylys,pdougalfv@guardian.co.uk,$2a$04$Dvsaj3KyOYDWvlXqL6YjrO.wzUIkh1iDT5xh2f93iHe9X.jiurYTa
Inger,idunwoodyfw@hatena.ne.jp,$2a$04$ZtNdr1LE.HkGCS1CjOmRH.TF1P4ArIsQyvJctC/Gtmr8i4WLjS5YG
Tait,tmcquiltyfx@zdnet.com,$2a$04$IaWCg1yk2CUu7vCdsWjqmeZF2ADX4wa/UbBXRXEpMnSjYHwZqp2Ca
Pippy,pbosmanfy@rediff.com,$2a$04$P7Ltx1r77i8RtjbLrtgE1.V5hmtNnurn1kB/WnZ/0sgvxcPxS6Ddm
Silvain,sspringlefz@washingtonpost.com,$2a$04$kC2d6hnnIZy7BmNZm91IU.6.F5rTeNLqw1TGcaaRXwU0VURNhanT6
Alexa,agenng0@ning.com,$2a$04$6ypm43JLGy2.oIJaDfUoT.bdz65PUmyw0/M/04ZSuJJtjKEL3o04e
Lamar,loffenerg1@bloglines.com,$2a$04$wjMYHbvJS1gnRc1lpW8c8O.XC3.UeW5Juy2oL/WOklCZHaxViibRK
Gawen,gmoresbyg2@weibo.com,$2a$04$CuU2r3myZfA87zvHAauYUe9snce3Q7ajd2q2imeivCxwkC/H8BuyC
Merlina,mtremaing3@list-manage.com,$2a$04$QoeBHd1owPRObxQT.HNN0.STME0gU337iSCAR1XE/GJftRDxnuQoW
Winonah,wsleefordg4@youtu.be,$2a$04$eEhXNk/SSpDb0CRQSMAGGelUrcPs4Fxk5uobX9DcwZ0uHqKiB4hCC
Jessy,jbootmang5@hc360.com,$2a$04$fFzAC.iQCTzzFgL7gd6grOFjfboyMUaPUPhv9a0x3rW3POC..MO3.
Seka,sthirskg6@huffingtonpost.com,$2a$04$PhsDiFHwGiRtHPqD3pTSIuz25Pen2VgZ3I/6PSM.lIiyF3LeShGXK
Karlen,kmalliag7@house.gov,$2a$04$53Bq/gqDZ8m9R3HQu8c25efN6nzYQZWYQhGDOSWcFkmYrz8KV.cEG
Elga,epenlingtong8@amazon.de,$2a$04$ibqYKVIvIL3qHnVoQ7j4euqfukUuDcTjW2/jSKuUpF/Goa3HssDA2
Bail,bbedleg9@howstuffworks.com,$2a$04$3LFEgntmR0B3Tocj8fSK8eJUWaKMgNLgOI.DkMiv9lPvhBefmWiRe
Cletus,cgladhillga@nytimes.com,$2a$04$fdESUNavcbbg3cGjjDxEiuaiSSuw0RJT6d7aStpxt/ktU/OEedAuK
Sergio,sbreartongb@cpanel.net,$2a$04$cwqD19Cb3H3hxhzY0pR8cuqiuEdmOQcPcjvAnTXKh6iaGRUE8fxxy
Terrance,tlewtygc@mapy.cz,$2a$04$fWSlLRHhhqi6y5CD49qbY.Ho/EA39iIYCGz1icJ1SRuvoIyrbOsd6
Felic,fcozensgd@house.gov,$2a$04$6YzLxJGo8W7m/M2mPT4fhed/gg.0bU.JL.Gk.T0QCmSoqgC1Nhy.q
Marcille,msonscheinge@wordpress.com,$2a$04$yVBdJJgU92Ol7V5Ot40Nb.6TpA2m3wnwu19OiqtPpv1eKWWzeUpb6
Pierette,pplacidegf@google.ca,$2a$04$sqnIDea27/ONLd9mdnzNEuolywGSKGI44kmtR0PmafByuULnYF7Ta
Pierce,pbalaizotgg@odnoklassniki.ru,$2a$04$X5uB7u8fMS6xtG7QXhUJfusVUp0jGPXW0KlfHl9R46Lu3S7qopbe2
Lucky,lgronowegh@nyu.edu,$2a$04$H621hDswECekazm97l3wd.XG9kziJJFNOIpUUOVRwj6tpcnEKpKuK
Vite,vklaisgi@cnet.com,$2a$04$ZID/xdcRnOPpM3B6WreHuelpcSQPpH.5EBb.0cz2mrvyxTAIbzI76
Selene,smellygj@aol.com,$2a$04$FPYcI7iI4gX4Gi1yk9Ctwef16Hv6.XODR8pGkxxTojikrkSeW0zmK
Reta,rcronkgk@webs.com,$2a$04$6SRzekpEdZcEnaons35KFefiUFafQp1plrbmbWrb8rVbK2g/M8Vie
Sadella,sdominickgl@google.com.br,$2a$04$goBbbihTItnR5K0JDE8V8.i8LCK5cdXS.wKQsUhO1048MSG1k/Dkm
Rhodie,rbehninckgm@simplemachines.org,$2a$04$toiKISWZ0RIwn09agV9bXOwfkWSwqf3ON1tl.8jgJwzdT/WsHkxKC
Greg,gmichelingn@meetup.com,$2a$04$lJPKixbCreTZZe/DlEM2AuwGtgbc3NnlsSu6knvL.kfKMrwdwCwEG
Job,jhigginbottamgo@constantcontact.com,$2a$04$ClRdNnsUiYMMU6PaN381mOW4G/Stdffh33/VOC29MELMOwBzme.7C
Brunhilde,bisworthgp@reddit.com,$2a$04$sNRKteM6bPtYjpnOLOLlN.0/2BhpNCu5jwKY.YzRuQrEM17h.q2eG
Arielle,aballegq@nature.com,$2a$04$gvyF5PXZSOip7CTt4SVRW.4rnes9SU0qffpLZfKcU/MON2zxHoe9y
Pietro,plodwickgr@noaa.gov,$2a$04$V65/ztSvMebnG3nwYCqHSeJBnsaO20hdBzzZWMwmdrY0YPJJoej8G
Dew,diggaldengs@ted.com,$2a$04$pXD3SWSXN7HMern8j3s7J.RR56h4vd2J0RK17P3DI4XL7ZQtZ1uDi
Griffin,gtolworthygt@list-manage.com,$2a$04$VS5ZDl5wj6VrS4m1j8kjXOdq3k.A8j31TV1cyUq/DC6zlDVX/n3nG
Inness,iglenistergu@1688.com,$2a$04$pqGDlp6TuTGrptFrAlBKIuILQZcltIkEIK15rZzFCOwjkBZW6lMei
Bennie,bdibdengv@alibaba.com,$2a$04$c.utsVA3twYqEw3p75SDU.VDn8EPpiNZOzFhE4efRWr3H5gmviy8S
Addy,asurmeirgw@house.gov,$2a$04$xPC94Jas9C.DSdCZ68PHx.Rg8F3Wyeu9sd2wQe9gTKA11bqCw5Ode
Pat,pguidengx@yellowbook.com,$2a$04$5F5wc4RN0NU7BygeqPfuyOAEcwNq644IkJE.V1nBZnKP2z7wXiVmq
Daniel,dhansemanngy@stumbleupon.com,$2a$04$H7ZHgRljUOibATC2Un/u/uWpZ5djABPJTlxf5B9pOuFTedpSkSBh6
Ardenia,ashirtgz@about.com,$2a$04$QmyzH0W/AmXgxjdy0U4nkek7F3w0vXwJVCaLpEjnys4IVcePwLeYS
Jennifer,jtregianh0@wikipedia.org,$2a$04$QddcPGsdZBWYPxH4MUvm9O27HTjEE4Wa2466PL4IQU0VDw3X4dktC
Sullivan,snelh1@webmd.com,$2a$04$sxYYkvoZN8CgdD.nP68poOa.40KJQS.HgyfIxHJ/Qt8BN7IV6s2Q2
Raphael,rwilderspoonh2@so-net.ne.jp,$2a$04$2JOwuZ0Ki/KD5aXh/l8BUO.QdoM7AniOYTSZ2/T/nxHN52xzdn8LW
Cecil,cgilloolyh3@dailymail.co.uk,$2a$04$buTKduFru/sdinPhj1qRUuM8lDZnLV26T6lgZXPaKVse.6OX1usoW
Bellina,bamyesh4@samsung.com,$2a$04$vcwj8tmv30Lb.bvc3nJxGOOnl8g.cLoURdZ0XFqM7hyeMMoEy4WBO
Alley,ameddemmenh5@yellowpages.com,$2a$04$hwYVhS7GjkZdsnotNJNUSuvWHS7DQzWYVLL6D7KJ8QZV/kuE/CsaO
Carroll,cbrouwerh6@wiley.com,$2a$04$uLUh27TxEs6wOfv.RKR7d.I89mIxG5MbZUQSerK53m6dH8he8vmT.
Marcos,mtugmanh7@upenn.edu,$2a$04$/NDOeWvkK6I0QmXG8uunS.xCITQRzn5KMV2qZ6PMbohrOvZN.Ve2a
Jori,jgidmanh8@google.nl,$2a$04$LsQINSAtpwOA4bDcU9HM0uRocvRGCHfgWbpdfyHpcARqR1oJHnCfq
Dev,ddeningtonh9@apache.org,$2a$04$HQizRijkhGEJIf2sTsAKwOaY6JSKqApjLEQChz.u9cZWI.MEmI3km
Sheila,scinelliha@bloglovin.com,$2a$04$5Ay6u5JDQeL1kOGkxar8nu4HjKwa8xzJPFnQ5o55aLfZiZhwA40ce
Erin,etwinboroughhb@multiply.com,$2a$04$qgLpW6t0.RqcjOFnVG8ajOPScA/y5710ikWxT1Gj.EWnYnkRn7sqy
Stella,sgodboldhc@mayoclinic.com,$2a$04$Wx26B7cTkESRLoVruFqdWOJ7ZMFTvHLfuZWDeTjfDzqquxIKXmOoK
Theodora,tskuneshd@jalbum.net,$2a$04$Els32ea96I71BUbzm5Dj7.JK7O7oAaKmCZDZ/5odi7QoSb1uI9VbW
Pyotr,psheringhamhe@hubpages.com,$2a$04$I3rS4j6q8HLY/IoFwHbkK.pfMvZ/UCoRkhbecYoWuarr86Ek5Lq76
Megen,mbriffetthf@eepurl.com,$2a$04$UtoedFPo4yCyMphnBHKxruUOWD9FP9ZwtUFiuIl08Gci7MOnofJTu
Morgan,mcescotihg@bigcartel.com,$2a$04$MeNxYomD5a48.pafVlrvG.13nhJtUuQZ6FtDMh2kyPNKLl0m8/xoa
Joell,jphillerhh@tamu.edu,$2a$04$6zP5VAnpg/zYItn0xA5mzuPN5lWENXs4SWJSFBMktH1LaFEmGcLvC
Mavis,mchidgeyhi@imgur.com,$2a$04$9eW5ne0k5QeKF8IFap.GsOJmJf1axY0.QcDQ/csRCvG54IsQBQzqu
Quillan,qmelsomehj@squidoo.com,$2a$04$8Xlb1NUV53O9rUGaharpIOsKUPvgY0e8ARF5FuvGdgeMU1PwUGeli
Shawn,semblowhk@amazon.co.uk,$2a$04$921slU.EcdC6iublcErUF.SLI9s0ddy60OaE0f3VpLEPpBkM/ef4u
Afton,aeckeryhl@slate.com,$2a$04$.N3ijjegKzi2Bfsfmjg73OPmkCYgIdLSKyk89UXXJFXv9J5dQXkLe
Cesya,crossanthm@theatlantic.com,$2a$04$xG/2RGmFLBFpoVr//536GunW40b0Xs.SmnKox73OXv.WHWu5StIyi
Andra,amerriganhn@sfgate.com,$2a$04$oAXU6j96yG7iMdMKpyrDnuh/w63OHhDfExOj4KkTR20fWmCLCgWEq
Raye,rdomaschkeho@reverbnation.com,$2a$04$yLcdZE9yTwWzr9kPvdzigeufOFUW.8f5v/dmRuh1KAFWYAplngoEO
Lyn,lkenefordehp@whitehouse.gov,$2a$04$bQH4yd2ykB679ZNasW1glO4cfJimOHgJyE53/fB5wugHHDg7WZEiW
Paulie,ptrainhq@cisco.com,$2a$04$X.dYHSRpuhR29ycdWOJp5O6rrIgEanJFmkw7QemrMt.kyw0/sFHLG
Robbi,rklaessonhr@springer.com,$2a$04$8Vm1DlYtmCwTkSP0XXrviO4DAmTNLm4DNy5K884YzHhAueFAuhIpm
Ardyce,aburdinhs@buzzfeed.com,$2a$04$/XYK6v.21AjTLccyTDkHHe3TidFdIP8H4RMVOrKqiebcHwQlzauQa
Stephanus,sbradburnht@accuweather.com,$2a$04$EtaT.Yse1JT1dMUs84IegeF2a2gjIu1v3cZr9lPsRdPblnVTWUBku
Dari,dgravesonhu@examiner.com,$2a$04$xf67C0LnQdL4fsAPcjziyeuXoq4jxSn.5h7wiButAR5alT62MQN8e
Shellie,ssakethv@google.es,$2a$04$62rorfVPDeE3XUCvWfbsA.FGk5PQGV.qLjkTc7PoZXejuhEi7wzYS
Lorry,lmotherwellhw@eventbrite.com,$2a$04$nvxhfb/9RC2EH/I9j1WeE.MIws6yhpRTHZ.w6TzM6WhgoRnxaGt9C
Abe,awashingtonhx@godaddy.com,$2a$04$NA2I/c31exqhd.UH68IbXuN5WWbGD5NeY1G.RB059u/aeQKuEh0vm
Buck,bbrearhy@miitbeian.gov.cn,$2a$04$/1ckIXYF5q.G3JovCnIG5.XPYM9UClBVVZrU2CG4yZ9mKra.A.r4m
Kori,khawkhz@cisco.com,$2a$04$lQlKsWEHN/EYVfh6GlO1tubyxLT8xxxOlEGPi5y342OzSs0Ch7MHe
Idalia,imcpharlaini0@imageshack.us,$2a$04$E82mpImVhXPQtLHcMSJYZeM1T14krll.7I2hsRVp76xf18yTQSILa
Merilyn,mmartinati1@youku.com,$2a$04$FdhC7ymGCRB9DpxWFPqIQuLEsiBPWhH9h1t2jWYTk52xhzK90fGZS
Terrell,tcutforthi2@engadget.com,$2a$04$0ZPnQ2A4u8A0RvEdOnhLB.vuXtmeaEBvsa8b0Impf1cX9mjWNYKoq
Zorah,zyersoni3@blog.com,$2a$04$jC5Q7kkPaU6DE8wOrom/BeG61hee.zGlnYwrJ0ZVR6rsQ8Vyl22F6
Lois,lkedgei4@hugedomains.com,$2a$04$qq.X7P55YNJQRlZoSruvMexnR8JrNLcSq3F/AuVcmTG8dLOoeB5Mq
Bunny,bwoolleri5@taobao.com,$2a$04$VkxwdtnbaZuc1i6/M2mJy.WbcwsLqy1pm4GtJ85PcOfts/KpXKr7O
Abbott,amcneillyi6@mapy.cz,$2a$04$9Xy20SeaAECZKBWGEAwYhOuInZGS5fN2KIPUdw4979oYcvcQ7YIKS
Siusan,smcgowani7@oaic.gov.au,$2a$04$uPeZ2dmaARYA3nOXaf1R.uFsjEsbZUwssUrkmGO8k70dTUxD3VZyK
Gerick,gkneeshai8@liveinternet.ru,$2a$04$vbzr2iFSTQg7MePntQK7MOBemYjaNVNZEjDpZyyw979KqVkRDL9fu
Millicent,mharkusi9@businessweek.com,$2a$04$37ZiVZKraKpjqoqrRJ74d.dVeVhMl3FkjtqbD6W1Sz7fPHThW5j9q
Ly,lkayseria@state.gov,$2a$04$y.KTTkjzvDvjyFfx.orECOcaetb0fu0sw8rq8TdzLZbSPGPVJNwx.
Rosco,rrraundlib@google.nl,$2a$04$HNynkh5Hzq0Vbt48DqScSeYciPwsIsgXqv7kW8dyuqUwpUKMH3FDa
Shane,shaywardic@oracle.com,$2a$04$kbj1vNkNjqFxX5WI.f9iheGLWyMrreCv3Zv3nO/fJRARuKRUX7uVO
Hadley,htassellid@yahoo.com,$2a$04$k5f3yVliJo15bWVY/Zd4Cerrw51x/imfeLv06iaQ.7MKg4YwBPadu
Roz,rsatchelie@usgs.gov,$2a$04$rayyS2qx6EYN5QmOTbp6JOjZ4yxAdCKOzjhZI0FOcIDS7UBqWak3C
Julie,jsantoraif@yahoo.co.jp,$2a$04$HIbk4jbIZ28RD3HOhdGcKuwd8ceCmJuwSv5gX5Lz2pa45UST3XAPq
Winfred,wharbyig@storify.com,$2a$04$xwsZQySNyBDJm8tPrOoI/u4JIVWTbT3YIgFLm9G7oyHNkcytfoGvO
Jareb,jmorlandih@va.gov,$2a$04$woVsY7o25TVpb2BKP6xTjOXAnwXmBzqFzQW.0Xh1BayUlgS3zcm0a
Harley,hiacavoneii@scribd.com,$2a$04$dYtp5BXEMST8yip20zKVFOUG.hvo3KgeS/h3sQqMK30Fmw.83vzqG
Rickie,rlutyij@nifty.com,$2a$04$TUvL/w8OJgHOMFqZUodJ5O058nWb4wRyMsVAwk4oJHlmT/BqqFKPK
Deonne,dbergstramik@google.fr,$2a$04$ij5Go.xZx/IYebwaWo1IbejLPFjYpMZScDrqlmZFZOsTFSuQQ5dqO
Addie,alloydsil@whitehouse.gov,$2a$04$03Vlezz2HJp3ohIkcSBIFuZKB6Ll9nAmGcI44Cape0mgs7SmcAu/6
Pris,pdudmarshim@reddit.com,$2a$04$P20UCTXM7ak1jrZFhTVm8O4a/JAAF7eRpwbc2z1Ax/RPc7zQeLpr.
Yuri,yyglesiain@berkeley.edu,$2a$04$lqwQhy0tQ6adM5.RUP.suOYJhzHjBpNbsWml9k5v93BH3/.vjmRdS
Biron,borwellio@discovery.com,$2a$04$snPLLj2Kzod82.vBIs1vi.PfELLRrTRHmM5khU/1zEm1BRtisdILK
Alyssa,awhalesip@storify.com,$2a$04$Bo2SrAlVfcUch.SLQIN7..UcamQHkNWfqDYPsLtVL9nq7awE2jlLi
Booth,bphizacleaiq@zimbio.com,$2a$04$Hd7aZH79hDY8b06/TBVXHe7eSbCTppwhNLUSwmhF.Pp/LN//0gT2y
Blaire,bdantuoniir@ameblo.jp,$2a$04$U5WyGAdUaKCiwB8dfFSRQuZztGAubZKtORal0.I2IWoXFFu2/IvO.
Lavina,lgiacopettiis@mozilla.com,$2a$04$9b4cY6Fv8jKNUxlLMwb62eaPMMZTCqHchcUHpBFGlNCzbmglf7pBa
Ruth,rvayroit@webeden.co.uk,$2a$04$n8LGf17.5o/1z.r0nIgf0OwdUK1LGSs7a/c18qvxVl6/lvQP87NGG
Jan,jscroggsiu@bandcamp.com,$2a$04$MmWIMJ.rzy89FsO80VPna.UqKyhc53NDDJdiYwEL.2UePxiHSlGAK
Spike,spaliaiv@cpanel.net,$2a$04$fS680dwp5tFXIA1ix/qTxO1aey6o8gWto1d/P01paVuyO9x2j6Opa
Lilli,lfraczekiw@mozilla.com,$2a$04$w7NwaoiPwv.vCxJN/jQ.ouP9PhpoVCoytbGxVs2tBaOE7CQqA.JiO
Carey,cthomix@elegantthemes.com,$2a$04$1l.TeDbJsIt3LmjstwAyruk81wfVJILHlSSOzUwl/nox86GAirDOW
Rodrigo,rpoulglaisiy@dmoz.org,$2a$04$R8Ly7/lY09e53S6h6bp4zusgoqXCPKtT5ny05Nar5Yzdz/PmbA7i.
Trula,teayresiz@seesaa.net,$2a$04$bgpVwMjqoiY3Qmlu5MTLh.gJfI.A4O5Xl3CibXEE.j7JUb0FskWya
Lyle,ldunridgej0@mozilla.org,$2a$04$tCd76LRFvNi869Z99w.pResok2t2HR/9j82ISlSLy14xNN2H2rsjO
Pren,peastbrookj1@miibeian.gov.cn,$2a$04$T1Eo.IwglxnyUuILvH2jGezcW3oODipywcPqS8JlIQS8ynogNYwe6
Nehemiah,nravillasj2@cisco.com,$2a$04$XpguLBpe0J9T7OvmUAQi2esMKDd05waMZwyPYO3TX5/zTjvJ52tL2
Waylin,wgouldbournj3@zdnet.com,$2a$04$H.h/2yQHyR4WWyqT0KYNXezYRqN2BmXi4qmg3I1OF1QCskSsJ4OJG
Hanan,hfeyej4@jimdo.com,$2a$04$U1SWRLZGE3ZYbjJn.0dPY.6RiI5.FsZhWZRn3HHoG.lob2eFJk0Qu
Kort,kmandrierj5@amazon.co.uk,$2a$04$87M3TeFgeB0HPczjwra7mOe.V9edh9mvONEATT2.0sko/33d0ulJG
Claudetta,cduplockj6@nationalgeographic.com,$2a$04$LHgOx.CCPWktyFtT7wsUbuOvxYA0nApHa4sbztp4mjcb0fLdlhia.
Wilma,wbeechamj7@ca.gov,$2a$04$OYno3g3w/DpH/wBdghVDT.FVp8G6ycsyRSIIGpz5.1mRPdzcCHH/e
Alisa,amcgeadyj8@ucsd.edu,$2a$04$2x4MeY/ali4ciqtPFao6H.L5JV5CcKjV/C7NZMbCbHFxO4cDLgAM2
Edgar,ematterdacej9@ftc.gov,$2a$04$yZNnVWT1WLMlft8290yaAeHsmKv4EH0dRBlG49qJOEDBCU1ImSOVy
Sofie,sdufrayja@earthlink.net,$2a$04$HWV2oiE/51SM4DBKVJ3LoOzqOQ.2mFWpq4w5x6XH5FsDYI8jnoQZS
Anthony,achaucerjb@mac.com,$2a$04$sQaaPxja8qeG6PrqvnNvU.gt9j/ZBEkGb.kYxx83R1Lb8YZ0VkQ.u
Cazzie,cmcgairljc@tripod.com,$2a$04$J7DU3vhGABEymlYefbjRwucSgI6yiHm1ihJ3FG5vwbVsO5PK6SNja
Roscoe,rlambartonjd@wix.com,$2a$04$1Ns9aFsHirhOA2Aj7SVTUOc4k.3kCzqFhjblt3R.d8a.83kXnnqAG
Dorian,dmcsarryje@hostgator.com,$2a$04$AHbvk8TPDm5vG9hPCt0Hp.X1cWDzJj7/O67/LI8CzpMZp/dsdYWwK
Cliff,cbriattjf@google.fr,$2a$04$CwdFAPhgG9g8bErPsG8JleadTKQ4Ixvx4Qqj5/OhIey5hZPxlVl02
Dyna,dwashjg@elpais.com,$2a$04$0lGQQeIROpaHs24O/fyQ8.TnTU/m9IDp2pab1aBVgBel9eyZfVrNK
Annemarie,aroseboroughjh@woothemes.com,$2a$04$W8E2iBPcTS9NIeA.RwhBPu81IGwA2P1vqaru.MUlFdea0anuNT46C
Fania,flamburnji@gravatar.com,$2a$04$nix/LePksUhqG.zOXVI/vuBnUP21Fp/NuCFBReDJWPauEgZiI7qxa
Micheil,mmegaineyjj@microsoft.com,$2a$04$wyXQnmLhYGH.WvzNoGRS/.dfFHna.yrJueJpZ9pSkFLPADYU28wLe
Tom,tgabitisjk@tiny.cc,$2a$04$qOmcuV8FBrlsriW90yKN9ejHw5uz3kRpR3lyEbNSYIIEi/lf1ILqy
Curry,cduguidjl@goodreads.com,$2a$04$8EwznzfmOu5UVzZqFDMU/eDJFJMh5xaaAZ2A64FOEcopx29XOA1m2
Koral,kcreaserjm@a8.net,$2a$04$M5lnhmCgMElBfhNaO3P3HurNDzeCq3l13V.Qfr88YiWf2k91Z0yLW
Terry,tmurfilljn@people.com.cn,$2a$04$DxmbLdmUP2ui.46KIYnEvuQIVTB4NknGi6gZlPwaYt.yyTk7nak1G
Bevan,bmenendezjo@soup.io,$2a$04$xdYqmaCCEJ6NIDfINCmm9uI7A/6aCmiK7q06lK5ioKiChSwtlYO86
Elton,eadgerjp@illinois.edu,$2a$04$yAYkSKUsog.f.XMO4WCaaOZ6XoIwvJ7qkf1RqpmlSHN1Y9wLrXDTe
Corby,cdightjq@nyu.edu,$2a$04$XhCqOWhDBC0iImtY4glpG.faw73rRI146M72fP0COEjuDVhUt8IaG
Gerrilee,gfassmanjr@blogtalkradio.com,$2a$04$BVBny0FsSnyyAQ9Z48lRtuUPHtGwOtrBwVfI1yTWxc9.W3.Ge1/5u
Wilone,wduckjs@cmu.edu,$2a$04$3o0c1awKokd58cpRF.WnJ.pLdhEl/Q4gRSAoatFSp4gRxLqz/9wta
Kacie,kcholtonjt@businessweek.com,$2a$04$R22Oq9axp389ex4u4cJL0ePRkiB3wLpfMj33IaM8X4FqiayJLttpC
Anitra,avalenssmithju@google.com.au,$2a$04$uTO0DdA.TS5xeHX4tddYwO.KY2vbpjX4jesDKQ0frgMg8zsjVv2du
Barbara,blefeuvrejv@yolasite.com,$2a$04$/5IHYAJ2761Y.ohhTdCjc.M59BwqO8wu/AiBUAVkFM4x9lTilKTvm
Johnny,jbazyletsjw@discovery.com,$2a$04$ez1KJsXbsjSoPVyasAL5je/Mx4CHMiRAfjMdgElnG5p.wIgxoVQqK
Hernando,hharmourjx@msn.com,$2a$04$USL6yT73HdZe/DCad308TegXfmU.MQNCAJGKEe3Fc.DW8mzAQKY52
Eleen,eswitzerjy@sakura.ne.jp,$2a$04$4aO/PpFEAs0U02pM5VAd..eW3tFAzn9Yg5GAf6BJsB15viI2YyuBO
Pandora,psinneyjz@4shared.com,$2a$04$5ZSQxydzTE1xnlj17Zn2Te/XVDeEZYIaZqk47r7YLlf4uw0yuy45i
Cosmo,cfincherk0@de.vu,$2a$04$BUW7Y/MhaGKIrLfTjgvQUuHSoiBJmHG1bmgtArvHCXC1xvAwS0USi
Innis,imountfordk1@woothemes.com,$2a$04$vpxwXL6bHnMfT.Yl0YbAmeQ1VbdR0dGI/F/eoZM7i8zq1gd6AAhK.
Elladine,eglenwrightk2@reference.com,$2a$04$lMYzK9MSF15HA7sAzmzeHOScInmRcUgb/6Ypq08fFSN1p80cJiCHO
Mychal,mgrevesonk3@ibm.com,$2a$04$2vKfhzCmVmkskDNL.H4jMOt/IrsIt5Yo8fIXzLKxRsITxI1Fk2sRe
Ninetta,nofarrellk4@shop-pro.jp,$2a$04$SoXMyuWR1s3GvSkfOycoyeuMIjCWLBFTvqCthGZxbCZypX9mayPGe
Dulcie,dquereek5@booking.com,$2a$04$vZImMoeMKlSNWAGTth0Z1eOTTRqlnT1a7UwWbbMhWDnlTuTwrtae6
Levon,ltwaitek6@twitpic.com,$2a$04$AZkSmIP5ReWV73Aw0hg7LOBejc64nUt1GsI11RcuPEuyFEgAZR18y
Lian,lsulterk7@storify.com,$2a$04$rSLyDzFUDrykKrX0NVRpJuyUN.nv8cwqjRoyJ16l81U3Q458hyYji
Pedro,pupfoldk8@issuu.com,$2a$04$2i8ESHs48c3EfxLnWuONEekHBwtjWJMB1rsFbjnKpMzO9UxlkvmBC
Merle,mdorberk9@house.gov,$2a$04$kzIAf2NDBBSv4qMOMQSY2u7EH3Qn89UDuRkptMHeBV3NZoYAIxcTu
Oswell,orennerka@unicef.org,$2a$04$dH7Tk3U0ALxvQGBkDW2LVeeSWEZoMbNvJJLnU9SrVAe6ddxiw9OLm
Franky,flackingtonkb@fema.gov,$2a$04$/9qKbDbWlIqpcuHpQnZVOuOfwSTCWjPR1WOrdYOvek0x/cqiB8HY6
Marcela,mcockerellkc@cnet.com,$2a$04$3MADhsICDG2nYtYYAR6LA.AcYrh84R40h4hewRy.VXtxDiNNUASqm
Cleon,codonoghuekd@about.me,$2a$04$akhn3VBuR/zgzju1AqH7j.k5XN270T93GKeuDCGGMd3ApelqiQT8a
Rickey,rburlingke@ucla.edu,$2a$04$KWDxvAB062HZ6HESXH817uZuG4kz2FtrKuqweOVvmo.KppFxqZXBO
Bendick,bomankf@psu.edu,$2a$04$Z.GG/uMGHnRzlfDGbl7wV.MHF46xnXKiEZMjBHUGAEVLniZEmirCW
Aeriela,acatherickkg@spiegel.de,$2a$04$Ly3Tjy0bgeg0XeYWloxHT.IjoebkXwJvjfDdVirWhF4J80Jz/S./.
Ted,tliberokh@cornell.edu,$2a$04$7vFgWbIMq1pzl0q.glhTk.PVoE5/FPsN16HjEOoToFeHRDCxNb4tq
Kimbell,kdirobertoki@cmu.edu,$2a$04$Zd6HYagnAfvadJDCixNqeeVrVzVhFoSXEm/7SAIauc2Wnym0hZ.wq
Natalie,nsexstonekj@wisc.edu,$2a$04$5M65V5R4rhMrHd4uLutoG.9Ltql75qb6fLNh2kjkPdLQJOQMD9rMq
Mandie,mgasnollkk@sfgate.com,$2a$04$WdZ73GhpGQgq2ZIMMlT22uuo/DJEL2ojshcEKwYMviSCc.s/OPDg6
Carroll,cgilliverkl@networkadvertising.org,$2a$04$MhfWW8thDGgTn0isW4aDtOxhS8kiksjZ.VWZ8jfP5mT.2cnwDj8de
Thekla,tmarklinkm@webmd.com,$2a$04$wTJWW0IDBKY8fB5ke8TSgu6Vc2JJOOwXIyLBVeXjfLKr2zYsJ35Le
Alanna,admitrievkn@disqus.com,$2a$04$on8Jsq.pSid.nNZWrlfxj.AC2TWQzahNVrD7D2ZQdVWvoFgaGLFrS
Linnet,lbreachko@reuters.com,$2a$04$CDxjFCrx.kvwwRItw72.gOOSyn6u/xoi/E1SmX6BQGSlqEmId0GBK
Juliette,jklimkokp@guardian.co.uk,$2a$04$NVwYmKPVaaMaJgBBNTd5ceAXNPqSWU/WAqAkyRCKkdXaCgqObW.Gu
Ruttger,rvickarmankq@privacy.gov.au,$2a$04$I8ksUe50zayVcbLlMTDSf.IfIMqNf4LjvojmMI0rM3IvZpuSO.sqm
Jaquenette,jgorrissenkr@fotki.com,$2a$04$Z5yukjoQnc45HYtOsliemOws/0PtdT7KyQoqElCoYlXGPw6aA7OW.
Waldo,wbuckbyks@sourceforge.net,$2a$04$8PJEEGFUTAsGjRcdKT2PU.bPNcPHh2sss6hhXbD2CZVMO0eHZ0yZm
Maury,mpennakt@xrea.com,$2a$04$iyvsjd6GeKKWP8yYdSrkE.bTxwKAGLr.R76t7BqIN6M2O5wBvFq7u
Riobard,rhixsonku@exblog.jp,$2a$04$Izs9od.olfbFom8cwuJEQOhHjUxI2pw/Tv0lBTgCg.bq9X728.xqK
Gwynne,ggoadkv@mail.ru,$2a$04$goU7wnFIYEC2Jbx6rqTGIe3N/J6Ew/eljLyLFhdZ0y81GM4QLW5aO
Loy,lmcguigankw@google.cn,$2a$04$tggviBxjPY0CC2rKGa8Z5uhsOdANQ.kwGW1G2zKRH9Sr5BLa0GNMm
Caleb,chuishkx@deliciousdays.com,$2a$04$gVWc2XhdgIzyStwkoMWkNOwgDiUxDrruNwxxAjb/ZCJ0/grh7BEvq
Pernell,prubrowky@indiegogo.com,$2a$04$QYGyFhDYoy9QXWQi9dOsYeAlQ2qr0Wkt4Q0lzVu9BBUd7q2NbPGBW
Kassie,kaluardkz@icio.us,$2a$04$U7RTgaInLyduP5ZFE1VMne1vHa82M0.7O6IHA/CWTFdz7ipe8F4lu
Mallorie,mkobierral0@histats.com,$2a$04$SuqqHW0wonrFwSsU/0MAXuAYGhp2S9NAVjeStqPbViJZ4f1Ywhd.S
Vivyan,vtruterl1@illinois.edu,$2a$04$9i.E6LRQsOkrpyFxIDtIz.y1EpWb9yyldTUwTvUqjwc6knn308QQK
Daria,dgeorgiadesl2@biblegateway.com,$2a$04$Udn6.psjpWWB3XBquZr9ku/4MZVhJ5eQkOSnw4EBIbIVEvmdKP.2W
Tremaine,tobrayl3@accuweather.com,$2a$04$tjbjr2BWDa4zE9FDMI1oTekHV62H302eIX4uN4P0wIUpectqBSMW6
Dee dee,dcouthl4@telegraph.co.uk,$2a$04$QecWvQDr8pXuYJK.cS037uWhIrMQIdRiZmrnjs2NQsPopb6Wh8nv2
Jessee,jdrynanl5@examiner.com,$2a$04$lsVChlq3f93J1YQbXESQROqPW0dNr8lq2dN8/Yro79QPPKD9OVmm.
Roxine,rhalifaxl6@amazon.co.jp,$2a$04$kJANoBmzRiubkVAsI3td3eKBsVlv0xN5KRKlcOGoHeU4.U6E2HG.6
Verge,vbridlel7@springer.com,$2a$04$GdqMCCKHNeI.7iPhAtTJoOLZc1YYXCNHB1xQRSk8TIqxXZOAf/O5y
Donica,dmorrottl8@gnu.org,$2a$04$KKAgPnCepTPqSbjZtellGeW0pK1GfMo2TNQuRMGxM9AnH87PKLORC
Maddi,mgyppesl9@earthlink.net,$2a$04$APvUULKUsA/TDeYfSjcMfOZV.DcvlAr4.nWHbCzVk0nLzy5TfYETi
Concordia,craffonla@wufoo.com,$2a$04$sSjZAQ5H36kaocTCMzgiQOn9vEy/nRNysg8cmw1Rvg9ir4lLNkrxa
Griz,gtartlb@last.fm,$2a$04$rlWaaSStbpU21WgG0Xg12On5/j.gsRiIVp1VBUklSrndP2mHHuY02
Palmer,pmackaiglc@bravesites.com,$2a$04$7gLVYZre.8TV7eSMIw9FNOQI8bzLuOT1pM/jTjP5mwYTxH6Yx8f8m
Adelice,amcramseyld@nymag.com,$2a$04$spkZZjpaMwhkcyaeh9OFWOfgTGqriIUE2uNzaaZzOOq33SEp1U/Pa
Danita,dgrummittle@hao123.com,$2a$04$LCoevraljRRg4ku.oydECOAEgJNTUvJ2u56b2IMwc2NJt3nh6So6O
Wilmer,wexelllf@acquirethisname.com,$2a$04$rghYeRXOOr9HyqsgWG2IM.rM3DbClEUUldFdSU6MJx8cd9xiVQh/u
Tallia,tplaidelg@pcworld.com,$2a$04$Gx8CSYO8Yip5gKmMTaSibupXrDu3jptbBfueaO7BgY0CkLT9DLp7q
Kalila,kgozzardlh@thetimes.co.uk,$2a$04$wuX4Z8wSMTQt04lGLhPc5./VxKdFi2NAuM5xWfHlsCf/Y/vA3EDqa
Clarance,cmaylinli@eventbrite.com,$2a$04$KSeaVw/pfKxxXaji57U9a.gsdpmYAb.SuiAidQnQEhOBQo1GDrILK
Stanford,smckealj@umich.edu,$2a$04$e.ujgLETf.ZbrrinidcXkuS4nvkUUtFGlf6sSg1.uJgzDM3lX.Rl6
Jean,jpenhearowlk@weebly.com,$2a$04$v3huQfWP9c50f4xjsdSSoe235C/lrPlO5/KURmur.tPCkkz1ZiQUG
Antonia,apostlesll@storify.com,$2a$04$rjNG226lE5J4n7TrT1AYMerWJ46k2Amd3awfQRSdTEpyXilhg1cAm
Stacee,srizzellilm@mozilla.com,$2a$04$gqxZuC5hZsfBTzORanIsVOMzGo3pEHtDsmmsqMDLMokZwLEyqZl72
Milty,mgibbinln@sohu.com,$2a$04$OiS0vCKokrw/rZfR1J6IieQEgWFLZHQxrEeDi3XKHj4y6xfgLvmvK
Neall,noddeylo@mtv.com,$2a$04$YCphjP/qqHR69fwZSEObZuk4hQxolchd/UNapnsj5SIjdDLTRSoeG
Itch,ihubbuckslp@businessinsider.com,$2a$04$S7e4bZOIifF8bfN0NFbdAeE.sP6wz5O7YZqijxawaxMcGsQVtEMGW
Ogdon,opaceylq@sbwire.com,$2a$04$yCmXC8YFnSH0RUyNfby7veJ8am3ES3eQgxa0IZM4Xo6JMKOoFmdcC
Perl,pcapelinlr@paypal.com,$2a$04$Di.dSToUmp7B43h.D/A2Y.2mRKpDxE1kgjjZ6e7Nx5PRa/wszRJbW
Jesus,jmacaughtriels@sina.com.cn,$2a$04$2HJvqkPJSK7a0d6tj5tjfOHEuUG2ur3LnUEqfeEAg01lyKxVlmTmm
Charis,cfatharlylt@miitbeian.gov.cn,$2a$04$zqK67.POrFViJtMLkKRyZucKNdV94LZ53ZinI4fp4vH2wSX2/x1wO
Micheline,mquarrylu@discovery.com,$2a$04$ctcRNblaWtxQCVy9vtvsQe9JPpwfB4PnxChX/awGzaiRHNdH9jTie
Josephine,jkeedylv@cargocollective.com,$2a$04$uy3yIKD1JLE4BZHFzCzxi.4I8TOjvgXleCqftCnY8ANaNTFw3Ngxa
Bone,bkenyonlw@mayoclinic.com,$2a$04$9kcrJERux9gleMzus/I52OqoSRKRixfod7sK4Qv7Dlx/XDMQ/BoqC
Peta,pberreclothlx@digg.com,$2a$04$u6w6fHb4DLl8F6ujHvJvFuy0kI9d1RQTT3/D2.cetaVQtirXl8esO
Hall,hschollarly@foxnews.com,$2a$04$tIE/pRAPTloiOxr.3A5b6.fS5ewLjJnL/VH.x3GvsVH7.eEaRJgEq
Susanna,sdilletlz@walmart.com,$2a$04$zMGin1KlgDIxmSHCjcZN/uzgEbzGxE/3gMpAcbt.IsZioWWR4/936
Em,eocurranem0@chron.com,$2a$04$2ZHspoaiFVnuESxHsaYZH.JsNtJFVzLqOoPh.TUTRe6ra5lVlBfXa
Clare,cantonopoulosm1@nifty.com,$2a$04$/5dzyOzu7gf6CTxFhk5.GuBoPuHsvcpTL/kjA7s/ra0sNOd/tPFp6
Ezekiel,emardlingm2@smugmug.com,$2a$04$Y1GE5mMicHf5VrWUm62Iv.UA8djXSui5qQOVnR64SAKky6UBpY4cG
Frannie,fdoylem3@tumblr.com,$2a$04$a6bDKx2AXfcxMh60iJfG7.xCwzWjwu5rTJK.HnpV8DwZBXTWWcY4.
Yehudi,ytanmanm4@unesco.org,$2a$04$X3pZMP7C4tN4gFRFdMvZuubiPL5ztALs/XDLYdv00hM2nBrCJTZQ6
Bernard,bbuckthorpem5@rambler.ru,$2a$04$YRPIKk1u0P7WFq5wkCRgouChw/JN/1ufO5V.X5N75bqPB66cKes6K
Lurleen,lfishburnm6@geocities.jp,$2a$04$9DfmXkP.EyFvQDyytGpVruxBJAL4L11eam42L8Lud/SkdCcIKoUUC
Emelita,esnaselm7@qq.com,$2a$04$4U.jrK1ILhmHGgYWSjvMwuU5t6kkzDjeh/lqF58idM6KpVXqh5rN6
Hayward,hyakuntsovm8@bing.com,$2a$04$J5yjaDCQ7dN0DhV1q.ccxuw6545f6S0HRscCR8z27vQ6eW3e0mBi.
Ned,nmerrickm9@dagondesign.com,$2a$04$HO5RnNYD8SVINBRRkzaQpuWFnat/M9ShwQteYTHziSECwyvriTLDG
Wallace,whasseyma@wordpress.com,$2a$04$8DYvaLcg6CJWTRQCmU1WcOYUiea85p3JM2tcQKlVnfe29nQAlJWd2
Lloyd,lburwoodmb@cornell.edu,$2a$04$yfqnfithtfNBF4uBQ5P86uIwNLa1tWkEhF6MA2uYdQoIJqAzZL1hO
Marabel,mtingeymc@myspace.com,$2a$04$ZigCT0YIdSnb/7C9Bj4X2uytslxVLeUKfA4qayDtCCPc576Tu6uG6
Christy,cfoottitmd@wunderground.com,$2a$04$q9Is2ebGLqX6K/.SxNpO9uq1mkP4PUIlHIivxenZfo2SX49RjWRTS
Benetta,bporkerme@unblog.fr,$2a$04$EHYPPXE3vLDuPTwBkpHXiO8etAYnVsSsthXuRl.7imTF0fxSE7DcO
Emily,etoraldmf@e-recht24.de,$2a$04$DkMR3tc9eNy97C6qHInAbuS0HSz02ImTlcttoP02vOD6dsnmTk/qy
Melita,mduckermg@sourceforge.net,$2a$04$X7xclKEWiwD5R1eQWKjESeqxvYHMiwIoUuRutFd7HFbFlg1KEHoRG
Paxon,ptwittymh@hatena.ne.jp,$2a$04$ZnRvrtyPcDyUgf75D9YeV.Zut6ep4w7enbblKa5VvcMEeGdApD5xG
Sandra,sgarrudmi@blinklist.com,$2a$04$3ywF/mWdO.5yWQnjuDnn1esPgz8gdv2znOGeyFIcGhpgXB6wvBREi
Konstance,kshielsmj@umn.edu,$2a$04$IzPRsERzWrj9h8u9d.w1reLYive2XJf7pght6DzgIozKfEnQv7CS6
Sayer,sruddlesdenmk@nifty.com,$2a$04$e7kXoYIgptEZZLOK8e9QvunfqHH6YbEmqJ45/h9craViEWi3nSK5C
Frederic,fsambeckml@typepad.com,$2a$04$elLV8JuKmr6Iwxtbpz5er./rUy6X21Sttg2stP8ADuVK4DS5XI.5K
Veriee,vmcclauriemm@qq.com,$2a$04$Oq/WOAZlq1UUu5zQlU6Vy.QYqGGrKv7yW39BPHC3GE5DzQnBlCESS
Armand,abengoecheamn@whitehouse.gov,$2a$04$mD16EsGpUXPfkZtaO5BHculzetg6ShBEtatdW4yz.Lhf.IpfAz/Fy
Neilla,nbrockherstmo@ow.ly,$2a$04$rHO6YedxHBaZSwp.dkRExOTlvH/rJyAsa7wi9Fqz/hcwJM/iPkTcS
Rhodie,rsalzbergmp@sciencedirect.com,$2a$04$0oLuoU8GLpIcdQC/lHoIlOgpa71LNUWWayezF7058chVtGKoKLMOy
Olivia,obradanemq@google.com.au,$2a$04$W.6JZbQZe2BLyNF/NN4Yse0o5InWaMwDTE3DTPBZhBwDoNA.1cSWG
Waylon,wcissellmr@jiathis.com,$2a$04$4fYmW/h6kaQBOVX0KUOq8.XzoQbvMrHFadArt3x7CtnwnJ7tBqmxC
Reggie,rlingms@fda.gov,$2a$04$YyaaxoxNdyET0bOUyPiVW.7C6PYH720FOVb8kOwRGL0Bim9ifbIIi
Andeee,adollemt@wikimedia.org,$2a$04$bAmG0rtOb6de8rFZiWP7COU3hVKuRbJzc5z76UcfV0NnaGQu/gN9G
Stillman,sconormu@craigslist.org,$2a$04$S6eAcUfWhik2cCaxo/ghX.piJ/urtUyOTai5k8LYcI9Gy0LL.Bo6u
Whitman,wwintersonmv@meetup.com,$2a$04$MmmN2hl18.5bV4Olmhuv6usfEgK./nfqW563MeV4ULvf1zQmdOWSy
Wolfy,wdoickmw@over-blog.com,$2a$04$OPU07fWLLPW.OgemFo9cR.EkSUh9aqExbSFJANKkusDqaN3hdFSZO
Matty,mnecoldsmx@issuu.com,$2a$04$XoZ0VkMsXwZ9Quy/ody3.OcXKAZHGWAAaw/VxQ0FD6bXS1fi7ubR2
Keir,kameymy@ask.com,$2a$04$AHK5k0FYq5PhO5wB590.a.KU/oNJwZZX69TZDI2GDnHiwNAXpcmo.
Chase,cshirermz@alexa.com,$2a$04$5Z/yRCj9g0xr.wKB7QKyDuwY/v9qyWchKxMuLhq81wtEf3q9D2X6e
Cornelle,cfruddn0@lycos.com,$2a$04$HQSxov7IUTZyYbwyAysf3ujX1C8Meh81Ri6vr8tC4A6Gp.1kKr6Ya
Kipper,ktattoon1@princeton.edu,$2a$04$l7.ur128UPvPjKvF.BF2Hex0vaZqpV2iL6G7Pn4Ixcg33GOx3mwu6
Cristine,cmattamn2@a8.net,$2a$04$pflcAXu.olI8MaDqqU1tEOwFYZABqrZNmRwjo4/kMmjk55LOJ7T32
Cy,cjessardn3@sohu.com,$2a$04$7Pe7XkvzZm91JHPAgjPRouHtCvC/BQIBC4UcYFNRP2T7AAOkpHiOi
Guss,galvarn4@prweb.com,$2a$04$gsnxuEW0/A6piSraL2Zke.xXdro18umwkSyhN/E6OJQA7elWO7ZZK
Scottie,samortn5@creativecommons.org,$2a$04$qJ0YZ7ePJvsz5FtAXDtMoelA1bhYkZh7hLzxqiOTWobqACm1bdDb2
Rica,rgoodbournn6@etsy.com,$2a$04$sXeCNThbp.48bbarR9G7..GeqajBJC2A7wEQVfDDfcxxqD54u4JAq
Ashleigh,akohrdingn7@over-blog.com,$2a$04$2UZOTAQH19k8iooGvAJ4i.4bxAIF9wflm4B8lJ/osuSxSnVr30Btu
Nikolaus,nwillardn8@simplemachines.org,$2a$04$rqJaD.GVjxpbJwlpqlm.Ee28oop.QVo5sA.o5BUHvLPe0WQJYFCpG
Breanne,bduligaln9@godaddy.com,$2a$04$3V.QvhL/6fYCJ2NI0hYauOEfxynpgMrWUNSThawVm3ymkdKSjYfsK
Richy,rgolsbyna@opera.com,$2a$04$/FMJd1nGbCnZ575alV1ceO6IZVYoFnYqd/TX9FxdCK2Y6AfDU9OBy
Noelle,nloadesnb@fda.gov,$2a$04$wQiqmN6VgfR8QKxh0WSiEOI0/bYNO8A7urgxJyzTWeJYD3FZBNK9q
Grethel,gfermingernc@aboutads.info,$2a$04$njOUsN8HpzTsTe3ixqYXyu6S5r4m4cmpdTEcE7Ogzc6eH14CMUukC
Hilde,hsnarend@unesco.org,$2a$04$s/V5WiVA/6iAXuaEyHqjCed0V0OWBrAQ5zDQugBtNyhTcuc2f9Ba6
Ev,ebauduinne@live.com,$2a$04$B9/SwLUS5UvtwGESPLJFsuj5PW7UikZExXi/u7QWcwGEP2SjMYpv6
Urbanus,uvasyuninnf@cbslocal.com,$2a$04$6FQbFm45DVxEqecET0mSXuLOGHXsZtQihOQ5arbfQYMU3AfwRXKWG
Jerrilyn,jridgwellng@usnews.com,$2a$04$0EhUOVygDJXXGyz7jGSCeOjx3dlqpyujG7aYHlRjX/FvYtusuMjWm
Millie,mwheildonnh@a8.net,$2a$04$pHkGUsHwb95DxLtbeqFc3ewXUZ/p5Vh/y1tXPyhvQI0fIbO15eu8G
Barney,bsivellni@yahoo.com,$2a$04$6.PD6Ijv0Hhxad3r2UIhk.o5tswlKdxCo2LTeE1b5Sly.luev2f/W
Tamarra,tyushankinnj@businessinsider.com,$2a$04$Z5U91xOL82fddD1O8Bi9V.n4gHZw/jFmeQcznwGSAl2l.PVSReksa
Royall,rvennnk@blogs.com,$2a$04$xiOuPglLLsnqJQ7r/y/bkO1tMTmu7dcFcasDrOc6vIOBlZqM9XQKK
Richie,rfiveynl@fema.gov,$2a$04$SH3i7eGZOPBiPfQy8aIol.HpI2y8Cn4A3jntrIo5.bGVB5SXTbYiy
Marsh,mconnownm@aboutads.info,$2a$04$beshBrXCVw0eebEfAZBw8uFbTSr0SQ/aSzrrxwPjH8WKOPMoOTR0i
Pansy,prymournn@techcrunch.com,$2a$04$ZQaEhXwhm4FMHW0Rm.Inv.nEYz/pyHyYCeTBWnHmQ8EPwK1W//2Sq
Penrod,pskamellno@wikipedia.org,$2a$04$fkB.1h8W.OgcpdbVe2j8K.TjCGZtiCrhCVzeGssT3WFEz1YuauX2.
Heywood,hgullannp@mapy.cz,$2a$04$58tO8u82f8mYwMv9/L9kJ.vOQIKMlTUpqpjaH83QFwflNY5uM0Oyu
Carlota,ccavynq@rambler.ru,$2a$04$L1eNZIMAGSr3CPsr/f/MWeJ4sxmYqsDn7oe7J.iQnb6BaNQm2w5BW
Stephan,sledgewaynr@hatena.ne.jp,$2a$04$37Pb992FxZ5A8ZuTLAQc1.sPNCE3eebjUjSomVIYaW4kOdwFd3mNC
Kaspar,kdrillingcourtns@google.es,$2a$04$f.24Hp1pNBC8Oygma0L2YuBTR0gJrfdSczy/1XM3iRr8xxnAHBt6y
Ronny,rcarnalannt@friendfeed.com,$2a$04$HoPB7Y1NpaWlLBywYfbgy.hOx7Fyjs/7jiUkv7CvgjHhrvR.qG0le
Hertha,hatacknu@blogtalkradio.com,$2a$04$9r4MzfRMZ4y97uGQEp6AmuI6D13J/lBWmLzNLRGfbw1dGVRvcXNAa
Randell,rleithharveynv@theatlantic.com,$2a$04$dkWS4NkHk4/9HKtSDh/J4OepAzP6FYP6G6zc2dj6oun/8YcU/39Sy
Orelle,omcasternw@japanpost.jp,$2a$04$jJS9ratRN42XzraooQ8ljucIoM13VbmQwj.nJIoavYMEIIq0wMDnS
Winnah,wgoodwynnx@xing.com,$2a$04$UfjKXCSe/FojKrcl8GYp1eOPCeE2UPUZnf00tTaua9iLMTvlPj8qK
Leigh,lfranzny@ow.ly,$2a$04$A3WU.e5Aj9oD6JKvRF8bvOva61yri4zOudrNODVSDHHnDvus8seB2
Richart,rnajeranz@theguardian.com,$2a$04$XNbaIzT0aEIDlt5TB5xQ3.6RpEDjZd/CG0zqmBhCzNGA2iL/g9B0a
Tam,tnockoldso0@reddit.com,$2a$04$gy/v0XrwIseZ576m07QwxeNuK/ud4G1MxXhB/tfyiFuRKwzbU60gK
Keir,kmitrovico1@ovh.net,$2a$04$7/sJZIGSQhpgx25r8EigcupOz8sJHY6gM0VKjWFWIH57L1eFs2kKK
Tressa,tnestero2@zdnet.com,$2a$04$l4pwdFy76cQH6FNmvhYTUuFpBwnKvGHVUMPu8Cvsd/olxzuGLe6rO
Zuzana,zbaystono3@bloomberg.com,$2a$04$aYzQa0/nyIJah2Xz8hIIkO1TF5FO7QCzqrRuLmUnaWQ4GkPtTg3zK
Wilma,wtantrumo4@wired.com,$2a$04$LUG9LJlYKGzltWAedDgCkOYOzFAI/ozr10wkGi4LXdXzcphtEpYQG
Christina,cgageso5@theglobeandmail.com,$2a$04$/7xNWZsL.z3w3WcRn9QVRO1kFXVIHTrqrN4xZ0LLRzxV13U44O79C
Angela,abutterfillo6@altervista.org,$2a$04$bWBbQhBnNN2NfPtR0ie3nO6qN287w.qKJVzelRQP6zLZXXtejJYXC
Vevay,vadanezo7@ihg.com,$2a$04$HQS8STkQXrwrEvon/3ym.OU5yV.JDFRGatFwvzZTB211v0cav.WEW
Doris,dremero8@etsy.com,$2a$04$J6/BJkKJhBtRJLjLxBZ13Oc7LJ9L3HNUfvAyfXGUVIWLSpcTGcvby
Cornelius,ccominolio9@psu.edu,$2a$04$HvLBRU3myPIrU1zKvQwd1uvjMrAttdTUaUQB9s6zOQJS.n/SGjyB6
Berti,bstonnelloa@list-manage.com,$2a$04$hKBoxdo9xScnjP9SG4uzBuEU7JanQPH0UOTzBQahdZqi45nLI0.Ei
Elizabeth,ephilipob@npr.org,$2a$04$bwQj6lOjP23ZHo76lfGrSesygp6F7S7oRuh5Y/3QqS0D72zcIaVDW
Leonid,lbarryoc@toplist.cz,$2a$04$DA6EmTnA3ZCJzNp9vg3LLOpEaYYb0uNPmcF7if/1FTPj2BBZGDSgC
Owen,owellingtonod@google.nl,$2a$04$ME5E/0g.7H5dq4ZXB6Oeq.jX3WuRRkbhVpSQtMnxvGkHaJ6Wl6wU.
Hobart,hblownoe@admin.ch,$2a$04$b.AG15cl.8oVXQu4LGtms.aKqm8ZH96anOqW6kQrZL5u7JKjGjeWG
Cosetta,cpaulitschkeof@house.gov,$2a$04$joAwHtqTWkYba2UFFILw9elz36NJPsxYSjdxiZq/kFrY60TlNF7XS
Heda,heschelleog@gizmodo.com,$2a$04$hU9.bb0HJvLMGxuPwEsrrOP4SkTgCxKu1O9IxZAxVms5kh7RUwQrK
Candra,cmacleodoh@cocolog-nifty.com,$2a$04$wIJNLMOBMHfHxhJjELWy/uX6KaUJ1KMUgrhGmA3DZu1xT428XjPL.
Lorain,lmacdearmaidoi@umn.edu,$2a$04$OLDVZCxukWX2X6IyO6B1V.ZvXWJ053I0Nnu9fX0VTVG5prfxw63tG
Glennie,gsawloj@ibm.com,$2a$04$UbJJGQD.J77EEka4jtGice1u2JgS9kt/eBPaeTb.oKhX/blHkvBUK
Leonidas,lclemendetok@cocolog-nifty.com,$2a$04$oR2waUaF1GTzKrz1b.vib.xoDq9NWpDDwbqh76Ag2IUBihC07Y5Ye
Kay,kthrasherol@amazon.de,$2a$04$6lwyoV7KNVWrKuvCNVM6hurM2gh7btWtG9tcgMIG4CuMtuRwYZNNW
Basilio,bkirlinom@unblog.fr,$2a$04$HHTkqFzBR6ho0XfW9CrkAu60J.YHGJqa9OjTZsQrA/WKeUUNg1/3W
Ferdinanda,fwallachon@cmu.edu,$2a$04$h2Q.dIJfaq.9SCP8/yYWfetqdo2gO5zKLjk/oeL2DVme9HEWvnS2W
Nona,nwardoo@ameblo.jp,$2a$04$KqoQr6wTE26yABjgHJP2UuWoCcCy76oUYsT8V9D3F2jBsxzSrbmjS
Shadow,scorbouldop@tripadvisor.com,$2a$04$YvdfON7BNY3ftnKFUjx50u/ulQICDcFMUzNCvA83Y.PcXwW79fREK
Ulrika,uwatersoq@utexas.edu,$2a$04$aZ7Dn/FYbHxfDrTqCVA5Hed2jLJnFRfFwv4fGKkz///JZrvXbBZLu
Tabbie,tpetruskaor@comcast.net,$2a$04$ACGeeUn74Tx8XEWwjM8sqORlS9ZyTF9z3jYYXAUgnWb0v86jkFgBy
Ax,awaldramos@discovery.com,$2a$04$M.4KBA2NqPNOTbHZut7Y2uiA3ZLDtzoRkVN5oA65RcP/POToyQi/q
Eleonora,ealejandriot@cornell.edu,$2a$04$aG/Ez7r8Yri33Af7M/.CHeQIQcKmH6DwdO3BA8N537svPqXlCKl6q
Tommie,twoodrupou@chronoengine.com,$2a$04$Gn9h3xR3TEc0ge6/4Zfe3O9cmDP5qxyT3IxixFqrT9/.NPOmHbele
Adham,abarnsdaleov@flickr.com,$2a$04$XhXWhI.BTPu77SLWFcxMaeZLCq.RtHciHi6bz6hIDTLrNMQi5FJAC
Traver,tdorrityow@imageshack.us,$2a$04$c9ttIzosbCPl.YLIWhQbMuFZyqO1JvkOAsQTWCaDO0ZjVq.sFYR4K
Ingeborg,iayerox@mashable.com,$2a$04$ugmpxr5YPZ5CmaEK6uCei.JTUWBupD9QrST0QiJlF4mddMP6CYj8m
Ravi,rbuttoy@xinhuanet.com,$2a$04$xoDXnvsDDcKRYrQvIPC.wePOoKDaWasoDzglJjHU8D9ti2u/erO4K
Russell,rcrossinghamoz@utexas.edu,$2a$04$Snen298dPSOnaavH0/ynAeACQVJzn5/9z/Lw99VXWl1ef.fBFKJZu
Baxy,bmonierp0@miitbeian.gov.cn,$2a$04$QdcLtaa2TKflP2aDXddHEOMLsLLYeKVtsW.vkWaGLoFHDPixmUveW
Crichton,choldinp1@com.com,$2a$04$eMiS3RiyBGWjyAGNscemy.7krFlNfkM0rUbPB/dTk6LuLl8wdC5fO
Gnni,gnorwellp2@wunderground.com,$2a$04$iSYduu//sRH9yPIThIN48OcnlkFRy7rllEmYwUl02gXAn8vsovDYu
Niki,nsapsfordp3@indiatimes.com,$2a$04$UE7DQDRigE444rHjD0DSgOUwWRpMcocegmIxbdeXbXxduuWvM6ZxS
Wallis,wgudahyp4@hud.gov,$2a$04$ChoL7FwaczizANCNQkRV9.8JgbH3okmMGewAv.g6vu/PUnYrfiN0G
Hoyt,hvizorp5@cnbc.com,$2a$04$xRU7MD.i0iVZIyiYzlyAU.PLO.GBb6kLg2dbnRkfV2VZSZhWpQkfq
Marice,mocahillp6@microsoft.com,$2a$04$MBEGaT9rj/Bc5yBaQyW0u.bb2NxV6fyVK/jFOk3dNHRgAjkpSd2BW
Jefferson,jshortinp7@xing.com,$2a$04$h71A5tc2T0cmJ2HIOIjHn.m3/rWIlZPbkEarDJSnV20Is5Me1/9g6
Mellisa,mrozierp8@cnbc.com,$2a$04$OhqpiiEkNDYpoegZxOSG4O8x0dCYSTr9s8P3LKuxF74eZrZIIPZUu
Kelly,kworboyp9@google.com,$2a$04$scg2wkMviDNNiIO39DBXDeezE3j12olqpIU7cJ7pjdgsOjXiQscf.
Angelique,atestinpa@com.com,$2a$04$BJerxI5NiZRem6oYojEMzurNtPqcQpc80F5sMrfTDvAxjsxL/2YeW
Esmaria,egorbellpb@webnode.com,$2a$04$W3ZX.PuXzQqIST.a.2jeuumzmdSaL/Ju0Bi0HNidUEo3FZCVrfZdS
Arley,awaplespc@is.gd,$2a$04$qvKMKAeaw/O48hhP5FMUKOChLSsBAxrgyIP36wX/KR5rqt9GtgbwC
Melessa,mkitchinerpd@fastcompany.com,$2a$04$bIZJJ78qA2vU1G6MKY2gbeYCVfELreKjvUXn9pITFUTBjezPjvemm
Carter,cstearnspe@freewebs.com,$2a$04$GHO4CZNBO6D1kSV2/g/p5.deL5gXC4jgphLdEQj/Y68ZHqTDpgJdq
Aurthur,aelvinpf@com.com,$2a$04$0XCHOOQibSUP/tz3EULEQ.0gUkc8/T3tIwwIYR/Tu6FYzROUXPxTW
Timothy,tfidelepg@twitpic.com,$2a$04$YoLq/jvsfjhbpYRivSswHe6ZufAgtyDGmn0B5g7RCWPfvGHsWm09O
Lucille,lblayneyph@mozilla.com,$2a$04$PbLmJtz/nQ7FOVBSWxrCoeJtX/2kw.ZHf3oojkQiwJv1UqS9Cexi2
Beltran,bibotsonpi@privacy.gov.au,$2a$04$bQfthGYSW.ZPiIrICj/b7.X.Zj7m3jRPEAUlkj6oqZ6uVNx.2pM4.
Basilius,belvinpj@princeton.edu,$2a$04$2jUwgJigwZCIn4xFptU7aeanK3rRXQT5baN3YHQBtI3hhJMZ6N8Mi
Thane,tovendenpk@ed.gov,$2a$04$28S13YHj9NmPIhWhkC9rEes1.T1.KAZ7I9xa.6BS435N6hwiJAFAu
Vin,vmatokhninpl@1688.com,$2a$04$2yL04qZ42fjlvJxsNICAM.rx0vNvQbtTWZ4VHN1iKJi0In1S8FgZa
Kory,kgeripm@discuz.net,$2a$04$DkZxhLn5TexoPeIWLs3nquIArXtF1g4tuMrjplq.ZVX7ltREWgCt.
Darby,doxherdpn@slashdot.org,$2a$04$d0Llu0jSwN7QoQ8Z3gD4O.MUMQkTIcV2fyJEkUobhEc7n0XShBCPe
Baily,bannablepo@barnesandnoble.com,$2a$04$Q9LXq4BwMQ6i5jQyskpLoOwZZjlFkmdB.EKfx/vndI2vqXFJtNdB2
Samara,sbyllampp@sohu.com,$2a$04$DCsz5IjuBSrRPWpdY5osDuDhK3dEh56er.juhfoHZNzo3MHuNAFkW
Eduard,ewhorallpq@artisteer.com,$2a$04$k7xPTcTnZbCUaMARIfOzCOtHTx7/3c/568t92LAXLa275soQJbSre
Clemmy,crandalstonpr@about.me,$2a$04$NhrgypoQmfZs0lWhFzsI0Oyc1bbB6bqyv5QTBYwdzu6J84DvC0WFq
Binny,bkibbyeps@technorati.com,$2a$04$kecaU10L4MsA3Lu9AzrSZOpSgoe36L..NrkozN.xQzcbBMdsvQAru
Boigie,bbeldanpt@last.fm,$2a$04$kFR2QtKV2NLIry2PyjUQOeMFfsM./0YfIuYpfeme5OWnChpF/.aQW
Willdon,wrumneypu@cocolog-nifty.com,$2a$04$oAW9JAFp5qnCB0zJ8Kiyu.sW1o4USVcJkzzTlKUSGsxlq6q132yP6
Konrad,kcurraopv@shutterfly.com,$2a$04$DMHKatu8uup2eL/Rza02O.5iYEmY9nCe2RPmh121WB.lMMOCNxBLe
Chastity,cpaulingpw@simplemachines.org,$2a$04$7pxreGkzki2Yd80hhN1lp.2f5uroPwKIahktbBXjEQptaPKkW5L..
Emlynne,emacginlaypx@e-recht24.de,$2a$04$LZsq/qbfc9lI0TiWjHKq4eaEsIvHftzgsyb0wkjIO.ahwS7HhXmmG
Aleta,aeasunpy@ow.ly,$2a$04$bMiHlgX2oa9tctSpAl4h4Of/EXOlk2xpqPZIQT2oS5MC3BFLAXD8G
Charisse,clawmanpz@loc.gov,$2a$04$SQ9TveWLc.tBYOjNS84jkOa2M3UfOvr9paT5xEJN/gwbunwZLoX4K
Yelena,yjachimiakq0@buzzfeed.com,$2a$04$eelmasLOROqThRM16Qg4D.8FGzFQvPA3LratfWrNyzLfsJ7jQ7Zxy
Darya,ddumbreckq1@jiathis.com,$2a$04$FzS96EoHf/6/2alxzPmwkuae3BLezDLZkHmki.O/ldyJ6IUHCimJ.
Lou,lcumoq2@thetimes.co.uk,$2a$04$5yb9ivC3oqVkQL/hbI5D0eRrET5.P.MW1X0q0axTtUkUSiUgBQ3XW
Nari,nstaytq3@liveinternet.ru,$2a$04$FNDykzmDDEIaL.Tu6YW64O7PfyXyaI7EeKaxhAaVPmT.E.I9Oznae
Roosevelt,rtatnellq4@china.com.cn,$2a$04$3ZxGMuWbFpytX0idLIe0Bepq1ZIUH7aCVC0jtoc5D6x7vxbvCzJLW
Benedikt,bbudgeq5@ucoz.com,$2a$04$cJJS3CsAWKNlfVSvvl6N2eLPJ8HUeSz/iL/mVp74Nk0uVZi/B4WxW
Elicia,ewadeq6@sun.com,$2a$04$WT8Xzoe36J9Ix4/p4eQWzeRBdImREdv6q21XFQHoorjv60OWJO0dK
Mile,malbanyq7@chron.com,$2a$04$dN0ZX7cRZWutees8Ys9sduJKGsF7cZWK/hVNTPNUkNh7BeW.wUpRe
Charley,calgyq8@state.gov,$2a$04$bP5Qd3Y6sXm/gw3HYIsoD.irQk/J.Lr4gPB0N2w5GahvajtY0GQkC
Garrik,gleworthyq9@foxnews.com,$2a$04$IyshCIiWl/KllkUFK780Me3EsOaehzW199a5JH9W/yEUdcc3I8iOu
Darwin,dpurvissqa@geocities.com,$2a$04$pZ9pbqoe9GjMBKJ1.HMLXu0HG8E/Xqw058yVLHTlAAVjC71Jipx7y
Augusta,ajeensqb@shutterfly.com,$2a$04$ppRQzSbiXTtS55yoeHOXHOBcly09f3L3JKyETHLfpluCvKCTKynFq
Iorgo,ibibbieqc@github.io,$2a$04$N8QTStSdql48Z8SrjcCB6ecNo96up4FlbsfpvegEX2GxlmIqiS292
Justus,jmasseyqd@over-blog.com,$2a$04$g/hWJaiFeT5Pd0C9S9VUOO97/qs1sJKVuZWd3fDDNYNMjDonkfboe
Lotte,lgamilqe@smugmug.com,$2a$04$y1XFRVpkaryimJAI/aW1JugZGkLP0lehX50F8uuXHnmnyaLIPn8sS
Leroy,lbarghqf@ycombinator.com,$2a$04$rB6NI6FiDyq5B.SNHkN8A.mUFKAwEK8eYIjVMN4FpanTRFMA6ooHG
Happy,hspellworthqg@cornell.edu,$2a$04$xmw4d6iFe3FKZfp.CMQl8.35sVoctmjIN1PI6QV86wtco0kO/PCdy
Nicholle,nparradyeqh@boston.com,$2a$04$d2DMLL2V8mYGRxyrD1vgI.ggi694A7qjh2Lk03UItj7Zj5tcEb3D2
Christiano,cgaunterqi@topsy.com,$2a$04$iOJTCfk4OP4kwDY4nKeS6eBPHgDR3/5OEh3LFMA1VK4YGdRbLdw56
Peadar,ptantqj@fotki.com,$2a$04$eNxgTta.8LWyz/15wOJJbO7FsyC1116889pY7eJv3/2LzUsIoIgku
Lanny,llassetterqk@issuu.com,$2a$04$V.i5JHuP6tlxwD55.YzRK.ThDaZJcitrR9wyJZoWE.zcNYerrd8G6
Geoffry,gargueql@fc2.com,$2a$04$KmwAw7Ztdp3X.geDnf3jbur1mgzzzVfFwTURsMN4oqrmt7No5fRKa
Dusty,dspratlingqm@g.co,$2a$04$YV0Gy/aMBSzdZbCKWyL/T.mvVCupEf3iVJ.MdT8AU1TUyBQGIQ.d.
Dodie,dlatourqn@un.org,$2a$04$RNyo0ORUCGLIn0oATXXepehd2H29tO4xyfCt/DNnTyj/y5wamNIum
Carlos,cdericotqo@myspace.com,$2a$04$JcYNd8nqXikSAWyuhC1nv.gifbIBQJLuoNOLVGPxAjaDyseQlGAEy
Ortensia,ovitteqp@goo.gl,$2a$04$fKB9QRuZ9YG.aW0khh.UJeWUjCZL5xyqWJOtoD08UudUkE7bxCzea
Griffin,gleonardsqq@e-recht24.de,$2a$04$n5srEylHBLWkGdHLioXG2eJ9wXSnuzyIz9WieMiSGGjbjcupDQFrS
Colette,cgunterqr@w3.org,$2a$04$Wt0JEo.FegtcYMZFEIsDzunw66aAsoVij28yR.hcz92lDqJi6pjVa
Talia,tfarnellqs@instagram.com,$2a$04$7EZl3G8xS1.HDSwvzCdR4umGObqBb1xXGzDqwWvu0.fHD0ImLwbPm
Mahala,mgodonqt@last.fm,$2a$04$xUOkgemyukDuDFwSD2m.ZuXvd3BcQmK0jfEN9Hxw1u3z1pvcuS96u
Winona,wczajaqu@webeden.co.uk,$2a$04$jrBy14n.pVQol2OYtJ18h.Q.gL9.W1EKCh2tnAA4Qg/tTWWMGGNTG
Adrianna,aharewoodqv@amazon.de,$2a$04$q3kPTInztgeEhxHlUniQxe2lCFm3e39YRh8PjlWvoQQYyqLzlw6o2
Kaylyn,kcrickmoreqw@cyberchimps.com,$2a$04$jL2r2Z9SQ8x/9ikxa21JHOrv6hgY0bFlz1yc9jsrOdUyRtB1CdJUK
Orren,obirdallqx@earthlink.net,$2a$04$Oniq05SBBYMdIZIS.aztf.NwkBevqA0b9lIXxydz8emUXLu.hqhyi
Amalea,apaolicchiqy@photobucket.com,$2a$04$gjnl8yeHn9UtGrzxzG/mpuKkHoVKQNYbKJHRr89Lz1J8H.TCW2.Ni
Salvatore,scroysdaleqz@redcross.org,$2a$04$CBcF2et9OGUIlSCFW84nW.dbJGlKnMZE5cJEzKaH0KbFblwA2WeaS
Noby,nnasir0@digg.com,$2a$04$LYNqFL9gsYNqvbgbue7HhO0KaP/CPODiXpAaAYoD.GG4U0zStzL4y
Wallie,wfillgater1@istockphoto.com,$2a$04$kgyq7hLPGmJuB6RqR2c/muwbS07AcrLSfoUOoLLkn26U6HjZXYnfi
Del,dcongramr2@goo.ne.jp,$2a$04$zqRvSJsUdyee1DF12vwRkeLiFjVJQc1BuskioLSGi857h1qpo31QS
Roda,rgillingwaterr3@omniture.com,$2a$04$8cSYLoScrMROqEqkp7MaIew0lLhukZ9ZmRfYpWpbvUYz9TOKvYv4S
Norbie,ngravenallr4@walmart.com,$2a$04$kNd8.c9G9V7AexuBpFD7PeQztZCASYELe47PdJ9SBzNyL4Sap8ESO
Emmye,elutor5@cargocollective.com,$2a$04$RUZAb3no9lRnkRJRaeyMt.vxiTSw3IKYTOka8X/FjQX5a1ydRb9/6
Gavra,gblackbroughr6@cocolog-nifty.com,$2a$04$71xEraXi9iovpsBf0g8wKOaOxzUMJ2/kxJPXXGr71SAfrxShX1nva
Caresse,cgallafantr7@answers.com,$2a$04$JW2KTsKgKJjUlAT3vaB5sOFxwW9gXYpE1r1nI6Uw0iZ0FAto3Ks/G
Annis,apetrelluzzir8@time.com,$2a$04$B74iPHsxW2x1id88RLamWud1feJoGLlsQgkqQRWEynfFVWHZeHUem
Richie,rnawtonr9@webmd.com,$2a$04$J55cXXPKGtU4Q0gfuyLPQeT1vBLofQ2YFpP4A/7aNwpTJml1HunXa
Lorens,lagronra@blogger.com,$2a$04$vAEGl2tQfy/GF0rGdibO5uRI5U4qLRMkqsYMKSXQEVQbEt3v/2GxG
Kiah,kwarlawrb@cbc.ca,$2a$04$Di7YzxXLi7POIGzA5motXu.sXxrjwVsT/Vw6vrNuDuBaYPISEALfC
Amerigo,ajasikrc@xinhuanet.com,$2a$04$ASVQMKHBX1Ye/GAQcJwVAOaadM28nI.pnH6tLy1WeQ28I8o4x/Ify
Claribel,ccolmorerd@economist.com,$2a$04$N6GIv4h/aXL1NaaBt8/tjO4f6fsljdxa8Jd1DLlbLRgClmO2KTjdC
Rudd,rducarmere@marriott.com,$2a$04$BAPwBU0CneMRSEns9DEva.xQ0kAJQXtF.iADb9Xv8VyqGcTjUn.R2
Hilliard,hdobsonsrf@economist.com,$2a$04$9Lwc66a7mv/T1anRu67sruBR0K5fMZDRptAxuhmUc.qTX4kC368Za
Alane,adearrg@nba.com,$2a$04$V6NYAJZCMTzRYTnP50LMW.9itVvdpfubGwot.MjOTyHipIvMdrIl6
Collete,ctokerh@bloglovin.com,$2a$04$h0oPBpPsU9nr3TsRb87weuDofRires1LIpoV7x70P2qJlHhNPttxu
Fara,froydonri@chronoengine.com,$2a$04$KX33MFUzjrnoCJNhlZt4o.vPJimFejjA.jG.ZlQ5rz9sWQOKbpsK.
Fae,fhuorticrj@stanford.edu,$2a$04$B1fnZPrq7cXDnSJDqGBZ..AFm22uiZr04lu6p7HCNQw7wwvSW.Fcu
Si,sloundrk@bravesites.com,$2a$04$nALVjoqxTGl96fBix8zLtelJORkXgaNxDOuMha36F7FTuglDBk7Ci
Cindee,cmullineuxrl@domainmarket.com,$2a$04$8mq2gyqAPtSbCVbvhB3IpuZeYgW.2q0Y646bczJ.Hy8MP7yOV2GCe
Faydra,fbaitsonrm@360.cn,$2a$04$K71gUESvO8kzUyWGoad25ukptG.QCdmE/mP2hbmvwHCjJmD5DEkv2
Ramsay,rlindoprn@comcast.net,$2a$04$x/gfETDSJXcN8T3JyDYnUe2dByMrzFebgMgslQFc2szFzivPE2862
Gwyneth,glenoirro@devhub.com,$2a$04$z5YGJSH1k0yuvRSIxNfh6umYWzcSCJHATT.WuFTrTRflrRCxnvbgW
Anallese,ayellowleerp@washingtonpost.com,$2a$04$PStcYLD592zMq9YJ6k2Juu.Ys1dzLNYC0hp5cdC1g6/894KqCbdnq
Micky,mantalrq@usnews.com,$2a$04$.e1guUtPCQp4kjFcJ7Jy.uzYZfAVFWRjHsst.uXqWbz1nJRcQZhTi
Ogden,opoadrr@deviantart.com,$2a$04$MexI7ONOvvGTVlYGm.nJee4c7boIUL78tO51vzLH35/r9slO.kWcO
